Age,EEI ,lower bound,upper bound
50,0.0682583019725877,0.0214480394317841,0.113055589418821
150,0.0698125497550332,0.0262286951934807,0.113081377442819
250,0.0702591486379111,0.029451139676149,0.112050409899019
350,0.0693072211339875,0.0308516990554535,0.109605824722594
450,0.0665447019460106,0.030548156278844,0.105642303728107
550,0.0614797492572944,0.0266413270241124,0.0995055461636267
650,0.0541667696715049,0.0196894066468102,0.0907399978385096
750,0.045218962973303,0.0111529928303156,0.0807285832083555
850,0.0351530422694298,0.00214956136392178,0.0693364213130563
950,0.0243712005053124,-0.00800206247657194,0.0575272088705553
1050,0.013179307759186,-0.0191507303033552,0.0466521183403291
1150,0.00190444228874149,-0.031013952387194,0.0365268732959435
1250,-0.00905926680455472,-0.0441517101132585,0.0278261721379396
1350,-0.0193321403718539,-0.0576371402793516,0.0205543657208633
1450,-0.0285144633709417,-0.0699026912450169,0.0146951336668896
1550,-0.036158343224912,-0.0795860646719484,0.0108573843971591
1650,-0.0418224346272323,-0.0875765126074037,0.00786965121931962
1750,-0.0450463760525464,-0.0925937572237643,0.00569453920841315
1850,-0.0452387998722813,-0.0938876851942828,0.00375889084044822
1950,-0.0416741646017699,-0.0897766416085285,0.00310372094490906
2050,-0.0335740043551008,-0.078704370125257,0.00489948954190534
2150,-0.0215541955270765,-0.0614335456213477,0.0113175189922548
2250,-0.00765535944614318,-0.042477106379851,0.0274490361105237
2350,0.00596763863735922,-0.0311892443420738,0.0488826885312647
2450,0.0171435830209085,-0.0267660662528013,0.0662411764981707
2550,0.0238182416455119,-0.0260047304636339,0.0757649274651785
2650,0.025546933704238,-0.0263530055636573,0.0777235844814527
2750,0.0233414877913434,-0.0284279812546851,0.0746367020532167
2850,0.0182083192665139,-0.0313113015699585,0.0672116875297896
2950,0.0110742276839305,-0.0342012524440618,0.0556239551193411
3050,0.00275735641614443,-0.037900511063173,0.0434203457237676
3150,-0.00598803933883887,-0.0424064200978075,0.0333654790279742
3250,-0.0144160887156141,-0.0478550035046172,0.024458983695926
3350,-0.0218019223682962,-0.0531855715560253,0.0138709088694017
3450,-0.0273739362516976,-0.0571701322019204,3.20E-03
3550,-0.0303383844942109,-0.0587080927962398,-0.00402152585231987
3650,-0.0306363913037417,-0.0574093216394469,-0.00657700275658864
3750,-0.0289569414303271,-0.0543940142887047,-0.00578346034759629
3850,-0.0259591817803611,-0.050731810579695,-0.00282526663062277
3950,-0.022203845011717,-0.0463790041902376,0.00166687742564182
4050,-0.018180437457439,-0.0421264312879638,0.00565373233213532
4150,-0.0140861997546358,-0.0373925662867907,0.00908670043583247
4250,-0.0098214824071479,-0.0324351763675976,0.0124910592844575
4350,-0.00523831041431202,-0.0270898110986606,0.0162732283160033
4450,-0.000166849169212182,-0.021535404011005,0.0210914779381324
4550,0.00557031581913819,-0.0155469113991979,0.0273488360887226
4650,0.0119642989759633,-0.00925745881020353,0.0338374131395066
4750,0.0187972256665236,-0.00280384309846789,0.0410228036608569
4850,0.0258022412275839,0.00350215767289888,0.0484291553671879
4950,0.0326893629595014,0.00980967590299396,0.0560035912956847
5050,0.0391181243794985,0.0157103739859338,0.0627979841305076
5150,0.0447392711465712,0.0211603871799106,0.0695579704471879
5250,0.0491993464512074,0.0251408098913396,0.0748357447014945
5350,0.0520364631194397,0.0276221128419411,0.0781690953309576
5450,0.0526364134502315,0.0278966854843032,0.0786186732822333
5550,0.0503374247366458,0.0260956043101366,0.0758256093695157
5650,0.0452479052678657,0.021330975372337,0.0697018753679925
5750,0.038263632488821,0.0149283468541171,0.0619069865788035
5850,0.0303198453962624,0.00665416967729854,0.0532842336052201
5950,0.022222648573504,-0.00172067426534058,0.0455790057554743
6050,0.0146967854881441,-0.00972989337364954,0.0389679951506281
6150,0.00817908381146939,-0.0170528819648605,0.0334039183252629
6250,0.00281944467355061,-0.0236769452919369,0.0296306466426864
6350,-0.00125308313597678,-0.0286936132769439,0.0269912793337371
6450,-0.00390060202369746,-0.0319539701427083,0.0256423031082445
6550,-0.004972426953982,-0.0335413374813028,0.0255409259090396
6650,-0.00429322658668279,-0.0332061862766881,0.0275470466179269
6750,-0.00165366183134744,-0.0313267282079885,0.0302030867133412
6850,0.00317539800240725,-0.0265633295013642,0.0343246582655923
6950,0.0104603920248583,-0.0190084848567528,0.0401051928986607
7050,0.0204440188022874,-0.00794793340742963,0.0486280341970976
7150,0.0327771414465938,0.0058599897895889,0.0604640156126633
7250,0.0464794504097851,0.0193416909278879,0.0741778532318181
7350,0.0604443763388222,0.0316087666366464,0.089921445826898
7450,0.0735023678504081,0.0415460226634933,0.105247105905308
7550,0.0844211768718231,0.0494459351896617,0.118519798241771
7650,0.092802648729586,0.0563476186305198,0.128606984373233
7750,0.0990421863252938,0.0623745017230794,0.135569482991798
7850,0.103393776968437,0.0667065170810834,0.140126895410923
7950,0.105873308448318,0.0697386704273144,0.141736484866719
8050,0.106293565785696,0.0713398731580442,0.141733587047216
8150,0.10515210749175,0.0698404479758554,0.140946172862408
8250,0.103663883859431,0.0673836976334986,0.140258658955385
8350,0.102892091938893,0.0655534621475331,0.140702773792336
8450,0.103713311680584,0.0652291865005209,0.142347288113687
8550,0.106765768189918,0.0680133891723583,0.145130357952977
8650,0.111969941216741,0.0745183153466148,0.149507908941212
8750,0.118550284034792,0.0822992953353987,0.155035928842604
8850,0.125488371806691,0.0891206104168298,0.161868998312609
8950,0.131542718954584,0.0947538641368975,0.168221487690971
9050,0.135301132031138,0.0971564746091029,0.172971245321197
9150,0.136406955037337,0.0980387691686092,0.174447880586269
9250,0.135531167400319,0.0971919753461322,0.173634101022323
9350,0.133142851516913,0.0953368170330731,0.170831998842572
9450,0.129376096096862,0.0926674282114374,0.166177067156233
9550,0.124116167596689,0.0889642118719692,0.159452198621658
9650,0.117807957176387,0.0843444007513247,0.151977079886639
9750,0.111482805656356,0.0783087099201107,0.145102499922266
9850,0.105989112955705,0.0730140967125017,0.139960408670887
9950,0.101943165174582,0.0689094792650991,0.136458809243405
10050,0.0997528021622417,0.0660862100201228,0.133989009183111
10150,0.0996777981974872,0.0655935522030673,0.134412907784871
10250,0.101813717792571,0.0676287109249479,0.136188627279973
10350,0.106047182079375,0.0718167912579023,0.140329606055282
10450,0.112058949639632,0.077508277101781,0.146777174035408
10550,0.119391367185833,0.0841520087203447,0.154255381120512
10650,0.127884417307523,0.0921993998711043,0.163964291724715
10750,0.137608379265554,0.100937802725022,0.174283074686314
10850,0.148402669352483,0.110911402962012,0.185804769739927
10950,0.159842951878124,0.120849034436948,0.198930791222705
11050,0.171281613926693,0.130387539538215,0.212817577287424
11150,0.182605777843107,0.140011113691636,0.225715106091711
11250,0.194195929511696,0.150377595777285,0.239231230212795
11350,0.206112802407174,0.159657353788401,0.252679269969781
11450,0.21799728254753,0.16924759595265,0.266772665662263
11550,0.229114625646739,0.17892819505608,0.279350337537361
11650,0.239182305753876,0.187435918941703,0.291791887524241
11750,0.248335619706688,0.195002672546123,0.302145978069874
11850,0.256252902006817,0.201473069344099,0.312492710123101
11950,0.262060522933876,0.205266823070488,0.319346686405337
12050,0.264421548806433,0.205935433936936,0.322496014301502
12150,0.26304112239902,0.205022032776856,0.320966987456392
12250,0.258639694407121,0.201772575461728,0.316222172088642
12350,0.251490970971728,0.19493479667233,0.308468022869464
12450,0.241266979234383,0.186812346588709,0.296670118490722
12550,0.22721630188963,0.176303713613404,0.279921065521942
12650,0.20993013038188,0.161964057699848,0.259468052470034
12750,0.191340633253092,0.144724237803623,0.23880654847667
12850,0.173049074966034,0.12595696323286,0.220332314428407
12950,0.15628801569372,0.108564086828242,0.204977108684731
13050,0.14190486995588,0.0934245755985591,0.191312191760087
13150,0.130455786994837,0.0816072690165223,0.179983896408802
13250,0.122299411690632,0.0739773322064425,0.17174326212732
13350,0.117556470801114,0.0705626889616247,0.166334075613109
13450,0.116087283454407,0.0710865111590677,0.163079924513288
13550,0.117566184985367,0.0732324826790429,0.163196708156823
13650,0.12178282598889,0.0782704153848364,0.165612586180726
13750,0.128606737091196,0.0858530575668738,0.171234066266538
13850,0.137685825276893,0.095417922934915,0.179808087743017
13950,0.148421423354344,0.106167981574859,0.190996985613646
14050,0.160021846977046,0.117747564794814,0.203097286091369
14150,0.17188743840405,0.128564341944714,0.216041303949239
14250,0.183601578414742,0.13897840200249,0.228216980683355
14350,0.194408149289526,0.148400007694764,0.240332343752022
14450,0.203103222623358,0.155639527636511,0.250620353604128
14550,0.208154368947318,0.160098779255909,0.256633363845383
14650,0.209474464873352,0.16201366924997,0.25680774233667
14750,0.208454538412555,0.160829248383094,0.256108323918508
14850,0.206139012758652,0.158898922784345,0.253587462864358
14950,0.203099103057098,0.155726941622467,0.250654978780686
15050,0.19951604378286,0.152474761564881,0.246797026645668
15150,0.195893228831595,0.149551923866798,0.242458326585158
15250,0.193010017271654,0.147555288206452,0.238755617532138
15350,0.191281723419287,0.146391614282885,0.236986625776793
15450,0.190729870238301,0.146418413855356,0.236591532294448
15550,0.191042171166766,0.147141530632288,0.235566138931231
15650,0.192095615925699,0.149449590430136,0.23606508315366
15750,0.193959773637938,0.152241288363414,0.236797399525098
15850,0.196347662810632,0.155237823116066,0.238158546398443
15950,0.198556037654093,0.157454430772567,0.24042259196276
16050,0.199568152739666,0.158056807195827,0.240625523781537
16150,0.19914025383981,0.157857920583153,0.24014568042958
16250,0.19778012606618,0.157065512525973,0.238009210365937
16350,0.195655169805757,0.155870683253323,0.235851280347285
16450,0.192496271186193,0.15364865408951,0.232616719127745
16550,0.187708481095891,0.149771731694587,0.227042683941871
16650,0.181360952078,0.144648899296561,0.219346958551899
16750,0.174186803003006,0.138694580804748,0.210266810901796
16850,0.166608227572047,0.132671330789852,0.200870921041185
16950,0.158674202547467,0.125930259974852,0.191456837844161
17050,0.15011721078355,0.119014147503449,0.181573662440168
17150,0.140983521879636,0.111412500767446,0.170885244187497
17250,0.131658843798042,0.103917739425386,0.15956882921096
17350,0.122305996895484,0.0963994618833962,0.1488328696832
17450,0.112801579129695,0.0885031725786858,0.137944573135189
17550,0.102803616961063,0.0797305781662551,0.126617237672205
17650,0.0923376645371718,0.0705390501057251,0.114846814627672
17750,0.0818326294767295,0.0610635832155374,0.102888267779626
17850,0.0715774173001523,0.0518638206733822,0.0916556378481372
17950,0.0616822659170689,0.04308609326977,0.0810572823757496
18050,0.0521183877652073,0.0343173732069888,0.0706385626682586
18150,0.0428492182355008,0.0257062989700059,0.0604622524371381
18250,0.0338635032815891,0.0174131697284934,0.0511736043580364
18350,0.0250626998733446,0.00841244856545149,0.0422449018500768
18450,0.0162665108711279,-0.00138812049332655,0.0338359625804467
18550,0.00726516777612452,-0.0124158404153638,0.0255914428245702
18650,-0.00191693765067993,-0.0239986461173947,0.0178578147531866
18750,-0.0110134766600165,-0.0349183737942069,0.010744453468407
18850,-0.0197333328694932,-0.0449113495061412,0.00448891240241515
18950,-0.0277700980973731,-0.0543749394457342,-0.00104634750638254
19050,-0.0348000897262074,-0.0623068380527274,-0.00560090808670594
19150,-0.040500826339182,-0.0694262519816977,-0.00924025903496154
19250,-0.0444939232559925,-0.0742700158917656,-0.0119921647674194
19350,-0.0462919678629123,-0.0766463503764992,-0.0139253129664753
19450,-0.0453288539123286,-0.0754677377490953,-0.0148389306332795
19550,-0.0409966087229153,-0.0695991477637637,-0.0142201774884657
19650,-0.0336539525999895,-0.0592763056098869,-0.0101437393531681
19750,-0.0247076298606453,-0.048333409228937,-0.00144506600893107
19850,-0.0155907492620154,-0.0402626182876764,0.0121999517811723
19950,-0.00767908727925005,-0.0365079012103874,0.0246175430057591
20050,-0.00222998544420429,-0.0355331331510271,0.0326261632005181
20150,0.000316806247472604,-0.0351577092128295,0.0362662521353768
20250,0.000326953077095948,-0.0359595807112534,0.0363007295519185
20350,-0.001800502586759,-0.0372050510807374,0.0330769329181746
20450,-0.00570549658795561,-0.0393879908640855,0.0272887217546332
20550,-0.0110399980708964,-0.0424080125899197,0.0196680375887515
20650,-0.0172809022359944,-0.0468175518981328,0.012291881506093
20750,-0.023685707427615,-0.051374142882984,0.00599662376402628
20850,-0.0294798695008965,-0.0565928443443982,-0.000847271509751697
20950,-0.0338313204759304,-0.0604185615638532,-0.00720209547465847
21050,-0.0358824286516227,-0.0617231916997508,-0.0111973857729212
21150,-0.0356680350654565,-0.0603112342138848,-0.0123322962272724
21250,-0.0341569162877759,-0.0576792616099704,-0.0102243192644362
21350,-0.0323064001808721,-0.0558053332970582,-0.0063931167499322
21450,-0.0310085793568511,-0.0552861454844626,-0.00441957412108319
21550,-0.0310161887681965,-0.0555074217355562,-0.0047853008230849
21650,-0.0324587756522805,-0.0570086066899236,-0.00749934250096765
21750,-0.0348556489210518,-0.0587310177221105,-0.0116986785400175
21850,-0.0376132465032067,-0.0610798518153025,-0.0153401850857616
21950,-0.0400624932588968,-0.0622681015613512,-0.018240566716195
22050,-0.0414921775805504,-0.0621978446429846,-0.0201106480591514
22150,-0.0418032378969086,-0.0618120958035786,-0.0209888645569191
22250,-0.0414993543856568,-0.0609967757546566,-0.020979206079253
22350,-0.0410418321618508,-0.0600402932635252,-0.0210898906015953
22450,-0.0408017894986029,-0.0596674001093154,-0.0214598392271316
22550,-0.0410536252353161,-0.0594688234522059,-0.0223184632755751
22650,-0.0418559202266695,-0.0595598769119609,-0.0240181100053112
22750,-0.0430491331714378,-0.0602301219728668,-0.0259246932605354
22850,-0.0443764493695894,-0.0608848867598851,-0.0279872277202648
22950,-0.0454926166468675,-0.0618059796864469,-0.0294922464029915
23050,-0.0459910444054206,-0.0617505318168783,-0.0302103950457255
23150,-0.0457222330018435,-0.0612549453260356,-0.0300852930928201
23250,-0.0447807052759833,-0.0600762581280259,-0.0294409105606246
23350,-0.0431804089638627,-0.058060771112825,-0.0281612973200398
23450,-0.0408311442448437,-0.0554094736423081,-0.0263353231570453
23550,-0.0375685637018509,-0.0515613830002073,-0.0238322576571658
23650,-0.0335090202274819,-0.0468650508776445,-0.0203649399803164
23750,-0.029080289860119,-0.042093182579514,-0.0163153098857924
23850,-0.0246575528479664,-0.0375293227911804,-0.0119259826320669
23950,-0.0205449691331246,-0.0335220550241835,-0.00764145941837818
24050,-0.0169756402268831,-0.0302628446558496,-0.00368254952025731
24150,-0.014073880789126,-0.0278270086418278,-0.000482723451104885
24250,-0.011875951103072,-0.0258163745273054,0.00198748430930687
24350,-0.0104004733946924,-0.024703021909848,0.00362957619802783
24450,-0.00964073204084757,-0.0241191458970996,0.00478982849710918
24550,-0.00956986691714451,-0.0245086557132353,0.00544892454216257
24650,-0.0101165210895862,-0.0259573053236223,0.00549295569029107
24750,-0.0111502950463579,-0.0279734019733575,0.00508850303180123
24850,-0.0125147749505277,-0.030391391766467,0.00456426106448851
24950,-0.0140276478747276,-0.0330758901412013,0.00391970374738806
25050,-0.015518107757436,-0.0355715122919289,0.00340407341808084
25150,-0.0170671534528262,-0.0382486008982111,0.00306910631589072
25250,-0.0190166426705818,-0.0412474131014809,0.00232462726563124
25350,-0.0217045043357938,-0.0447274798063042,0.000612950393486109
25450,-0.0254369208268888,-0.0492221249622622,-0.00235614477197306
25550,-0.0304449202082294,-0.0543577156338233,-0.00726510135031985
25650,-0.0364928322258597,-0.0602942713000266,-0.0129084725251054
25750,-0.0428440759954698,-0.067310751434971,-0.0185007815449035
25850,-0.0486294171501529,-0.0744875724688466,-0.0238001177511132
25950,-0.0529075704394073,-0.0793841768467912,-0.0274571432814393
26050,-0.0547087059443645,-0.0813956920853224,-0.0290888876246373
26150,-0.0540863696326648,-0.0798136591860764,-0.0296677439460882
26250,-0.0521272163290461,-0.0773423699020972,-0.0280885417521952
26350,-0.0498720350563778,-0.0751734141058131,-0.0243309929839259
26450,-0.0482336307290895,-0.0740389153542815,-0.0213489795000283
26550,-0.0480131921335427,-0.0745597851390439,-0.0202364835987558
26650,-0.0494369370486161,-0.0764050871747982,-0.0219412611635114
26750,-0.0521566175517105,-0.078624952807164,-0.0257030633766133
26850,-0.0556825017619337,-0.0810836130786756,-0.0302416329934731
26950,-0.0594332062865753,-0.083823734743348,-0.034945785003391
27050,-0.062758582369299,-0.086639427339459,-0.0390606973323321
27150,-0.0653646148386604,-0.0885987652558957,-0.0420147759475529
27250,-0.0672811604413867,-0.0901359915977159,-0.0442095369157439
27350,-0.0684386765371132,-0.0908007327595623,-0.0459948520342621
27450,-0.0685934010837287,-0.0907067614032953,-0.0464965617250763
27550,-0.0673857994353634,-0.0890535751453049,-0.045840863375918
27650,-0.0649347938755704,-0.0861466614865007,-0.0435466755212426
27750,-0.0618496012914736,-0.0833475341622149,-0.0401036359708527
27850,-0.058656550430078,-0.0806872938861884,-0.0363484182062236
27950,-0.055743828330086,-0.0784217796292219,-0.0324634464791688
28050,-0.053374814571169,-0.0764096643832287,-0.029739673886913
28150,-0.051524566777831,-0.0747970238877904,-0.0273345947791021
28250,-0.0498807169538932,-0.0729907616257131,-0.0254933834076292
28350,-0.0480010808386207,-0.0717026444762021,-0.0232670196795072
28450,-0.0453375595459331,-0.0698619800945658,-0.0189406105816244
28550,-0.0412738633667479,-0.0671274193348299,-0.0128144653414212
28650,-0.0356258594855126,-0.0623672101270326,-0.00584807070360492
28750,-0.0286543861627922,-0.0560872241521994,0.00161334544478863
28850,-0.0205687874143341,-0.0482406261567065,0.0091885626484763
28950,-0.0114906595777568,-0.0390690640419603,0.0161333542098815
29050,-0.00150666543070383,-0.0282482601300681,0.0244153624628947
29150,0.00886154049206907,-0.0179008702714713,0.0344100529622015
29250,0.0186240756491523,-0.00885591363651001,0.0455563653106006
29350,0.026719774157033,-0.00356664677405999,0.0555429849652856
29450,0.0320311064940539,-0.00258831871836144,0.0632955177588004
29550,0.0334335146481838,-0.00331706820095587,0.0660462570190908
29650,0.0307686759443484,-0.005045681443023,0.0635509495186701
29750,0.0248663776258107,-0.0086414065108424,0.0573400490444125
29850,0.016553174380118,-0.0153019794187275,0.0480923588079968
29950,0.00655405891537437,-0.0235318637104994,0.0362376297106102
30050,-0.00446973433486766,-0.032760441055583,0.0236373351610829
30150,-0.0158661991091358,-0.0436729566897018,0.0124871632793147
30250,-0.0269881892062723,-0.0553902560381767,0.00303813492786421
30350,-0.0371383053758329,-0.0664566487903247,-0.00427008202333234
30450,-0.0455550141121478,-0.0761640986431658,-0.00962529080640076
30550,-0.0514341407276552,-0.083274834377725,-0.0146344599412143
30650,-0.0545398165830731,-0.0867219309014891,-0.0190052917216236
30750,-0.0551805086021088,-0.0872936020897147,-0.0221379615446791
30850,-0.0535617818094794,-0.0846052551296253,-0.0231141223777812
30950,-0.049736128492228,-0.0787932711585688,-0.0220816845469879
31050,-0.0436731346672997,-0.0701379835532068,-0.019228665193524
31150,-0.0359019691068276,-0.0601291384414104,-0.0123564178593317
31250,-0.0275392373543819,-0.0518974042722513,-0.00406902904982859
31350,-0.0196768400195088,-0.0457783115109818,0.00539485768962561
31450,-0.0133932439495967,-0.0422177817390094,0.0140673853202191
31550,-0.00969236124811041,-0.0403608252965299,0.0189732377137003
31650,-0.00883425808782537,-0.0399560137353115,0.0201844700657328
31750,-0.0103626741020769,-0.0407563779926015,0.0184428838911757
31850,-0.0137445779644872,-0.0421789306908962,0.0138207035366038
31950,-0.018474233409371,-0.0447814667536465,0.00772607529739237
32050,-0.0240874514721803,-0.048846663390994,0.000736541452491328
32150,-0.0301923356647757,-0.0539177144314628,-0.00585362038436879
32250,-0.0364372616669394,-0.0604033227760679,-0.0121990833033127
32350,-0.042415350464462,-0.0670413665912039,-0.0177122697874146
32450,-0.0476440700368329,-0.0732584161494033,-0.0213799492933311
32550,-0.0515943064009499,-0.0784468533933178,-0.0237024307568103
32650,-0.0539733193663619,-0.0818328785395097,-0.0248646510832103
32750,-0.0546809851726838,-0.0830355551472078,-0.025281202439481
32850,-0.0535104784395726,-0.0814302477179954,-0.0247824297725086
32950,-0.0501418672684882,-0.0769546082166491,-0.0236135849424381
33050,-0.0441608727032371,-0.0688451747723626,-0.0204890441318501
33150,-0.0358300129722948,-0.0579456345005306,-0.014606153649822
33250,-0.026184975027149,-0.0469142957889013,-0.00557037808032479
33350,-0.0162789028057275,-0.0373018556789973,0.00567440252928974
33450,-0.0071018682556779,-0.0304049142214169,0.0170272289058715
33550,0.000446220093529052,-0.0254065124516765,0.0260447374985342
33650,0.00600095849405881,-0.0210762045962157,0.0324524445438422
33750,0.00967651040841694,-0.0175106904558,0.0359312584714818
33850,0.0115802356406058,-0.0150012891151888,0.0369121780300882
33950,0.0117713784454505,-0.0137219302945427,0.0354090161220895
34050,0.0102860640053541,-0.0132973480555891,0.0320591727142905
34150,0.00742618120813262,-0.0141427368475357,0.0280376055943543
34250,0.00379107622806923,-0.0163499876876782,0.0239128253618483
34350,-2.92E-05,-0.0192526686599041,0.0203611330052
34450,-0.00345283538838192,-0.0221762942003303,0.0168080881375252
34550,-0.00592620742478663,-0.0246584957006395,0.0140187875451901
34650,-0.00735957420039274,-0.0260557869796896,0.0122173799352916
34750,-0.00814442144500952,-0.026637361672941,0.0111096273361455
34850,-0.00868198600745387,-0.0270986539102759,0.0102223012810749
34950,-0.00932961755977625,-0.0278353255098629,0.00978351514681681
35050,-0.0104158354662153,-0.0292571522413688,0.00887628792036917
35150,-0.0122162693900472,-0.0320522833099721,0.00777289232096945
35250,-0.0149731085261009,-0.03587940013961,0.00528829643344688
35350,-0.018905614226486,-0.040556538171333,0.00183665334228766
35450,-0.0242087899729534,-0.0467559510504523,-0.00321281720970909
35550,-0.0310384731119745,-0.0535156960357039,-0.00984213882916056
35650,-0.0392562137660055,-0.0610235911002172,-0.0179819653940817
35750,-0.048409921026225,-0.0697835388385667,-0.0271809492137997
35850,-0.0579543950645196,-0.079340367073754,-0.0364554423596069
35950,-0.067244782202325,-0.0896504638416481,-0.045689778994636
36050,-0.0755803143838853,-0.0990808615964091,-0.0532323411236993
36150,-0.0825710542578167,-0.107230733236675,-0.0592856290886058
36250,-0.0880965525009671,-0.113752573710693,-0.0643495682393411
36350,-0.0918743818722435,-0.11828978862327,-0.0671429746176965
36450,-0.0934171636690292,-0.120328834889893,-0.0679901958343794
36550,-0.0920957305625424,-0.11911098897727,-0.0661017687980201
36650,-0.0879562706977688,-0.115304980792546,-0.0611201651315809
36750,-0.0817494772444651,-0.109918245564941,-0.0538780762288318
36850,-0.0740880333820743,-0.102536275611985,-0.0449577980617872
36950,-0.0653778410902816,-0.0943261744938143,-0.0352280255424141
37050,-0.0558575084503307,-0.0851248097339687,-0.0256781645762486
37150,-0.0456122258977648,-0.0748055172982809,-0.01541255922779
37250,-0.0345904957858806,-0.0636672778731996,-0.00453392937752148
37350,-0.0226330782016042,-0.0512917255432386,0.00689012182029214
37450,-0.00950148531940745,-0.0380782429532782,0.0194068206501373
37550,0.00504899423938263,-0.0236786171114202,0.0326773114354531
37650,0.0206382299748593,-0.00780871216771085,0.0470150286452373
37750,0.036199093692927,0.00738252550419776,0.0632478880385654
37850,0.0505691407107926,0.0228597057157581,0.0795647216240393
37950,0.0624804084981057,0.0344187293572595,0.0938581457104304
38050,0.0706049354026535,0.0412020921641316,0.103708492929895
38150,0.0748088291822919,0.0444912489854371,0.107703754512228
38250,0.0761283875501958,0.0461779389229757,0.108542838856374
38350,0.0755323606497528,0.0461957456476985,0.10663559675308
38450,0.0737960613189655,0.0448646109494943,0.103698852788872
38550,0.0714915546271322,0.0437352233693575,0.100284157315787
38650,0.0689657004601322,0.0424929733072756,0.0966338970636481
38750,0.0663602083927818,0.0414349527089607,0.0920114189232603
38850,0.0636817145032638,0.0404764954397718,0.0877555870436278
38950,0.0608107685452389,0.0394751564496314,0.0832522520363214
39050,0.0575385190707374,0.0376024556370044,0.0786655200304006
39150,0.0538558575623823,0.0349499474045012,0.0734930330463486
39250,0.0499423031912124,0.0321581852220674,0.0682007091882479
39350,0.0458941466681105,0.0289951332833694,0.0628856155734116
39450,0.0416912167866783,0.0253295410012263,0.057750469960634
39550,0.0372300811941282,0.0216040614680275,0.0527708302978149
39650,0.0325284729974815,0.0176737266383335,0.0472697308572777
39750,0.027738944362906,0.0135816546790919,0.0417815882664267
39850,0.0229582638618474,0.0094460929003428,0.0365065105982024
39950,0.0182217692306757,0.00511116699968244,0.0313407411830763
40050,0.0135271957915979,0.000454814169812972,0.026278435220016
40150,0.00895712883217516,-0.00391516731107818,0.0216785483121655
40250,0.00468089833025304,-0.00838558655407258,0.0173701023229626
40350,0.000855263882037816,-0.0124068579677308,0.0136365860414689
40450,-0.00235362350012177,-0.0157411441329198,0.0105928205695268
40550,-0.00478301455220314,-0.0183090854610428,0.00851359641780665
40650,-0.00642668447909395,-0.0200145436675774,0.00714094881671201
40750,-0.00742087852036634,-0.0210932687942904,0.00639341678643988
40850,-0.00789091086134789,-0.0215929222714444,0.00600826837253332
40950,-0.00793773418132191,-0.0217552002609651,0.00617967405503987
41050,-0.00765923204090944,-0.021892606004784,0.006962019402852
41150,-0.00728268747917744,-0.0221303588063742,0.00797699138478431
41250,-0.00713985887722167,-0.0226433531473777,0.00888310170356099
41350,-0.00755090381574318,-0.0236846951391403,0.00885123529754195
41450,-0.0088538546517123,-0.0250332831148354,0.00770057978836766
41550,-0.011356419912839,-0.0270933335079973,0.00490786239360746
41650,-0.0149893167946346,-0.0300351445145903,0.000435989390703741
41750,-0.0192927036236887,-0.03391741094537,-0.00455154363779753
41850,-0.0237566280135579,-0.0381750612032431,-0.00921734751722551
41950,-0.0278402755748347,-0.0429384357054446,-0.0128777428163316
42050,-0.0309871163929626,-0.0471292711493542,-0.0152352588654432
42150,-0.0330069963008767,-0.0499319360383571,-0.0164839940456379
42250,-0.0340401944123473,-0.0513770209897134,-0.0171512516148225
42350,-0.034174558539582,-0.0513519245515686,-0.0171737323427764
42450,-0.033416360648691,-0.050390441217407,-0.0164964411426965
42550,-0.0317125704440297,-0.0481711737394318,-0.015228193907846
42650,-0.0291503190181301,-0.0449192556123675,-0.0131965008873706
42750,-0.0259766902035962,-0.0411201667082495,-0.0108638504656373
42850,-0.0223941545193839,-0.0367280876450675,-0.00808217962951397
42950,-0.0185509082801683,-0.0321306164813432,-0.00475041711398987
43050,-0.0145491473564279,-0.0275945922377987,-0.00118155431950248
43150,-0.0105766165550978,-0.0233977770687166,0.00249718991834702
43250,-0.00690678024381906,-0.0194603783033708,0.00588611938622613
43350,-0.00379907133153756,-0.0163056314633608,0.00907283593411988
43450,-0.00150136718923731,-0.0139279417510207,0.0116612345166297
43550,-0.000250661486479198,-0.0129262965602585,0.0133979071304559
43650,-0.000108536917778909,-0.0128102417046013,0.0138891439440847
43750,-0.00096053534921149,-0.0141618914557885,0.0134233399102125
43850,-0.00268864653405162,-0.0162593235421204,0.0120616898033392
43950,-0.00517386496891719,-0.0192025801135085,0.00997327650665024
44050,-0.00829788289830676,-0.0230271296903825,0.00769893358089807
44150,-0.0120902744925949,-0.0279795637786561,0.00469286369020482
44250,-0.0167186752178331,-0.0340803337872045,0.00106322507769531
44350,-0.0223431491506994,-0.0416834031092798,-0.00364687411279233
44450,-0.0291033249457991,-0.0504076777041862,-0.00913981607752293
44550,-0.0370998032243912,-0.0599432704891279,-0.0158645825516581
44650,-0.0462739832785259,-0.0700199486038624,-0.023962997761069
44750,-0.0563862473204195,-0.0808858034276905,-0.0328374126387538
44850,-0.0670990791370567,-0.0917331897299013,-0.042500939852987
44950,-0.0779591706773753,-0.103272238034731,-0.0523849320049628
45050,-0.0884228041909166,-0.114988749477994,-0.0621246215625465
45150,-0.0980371746793363,-0.125602533981168,-0.0712096364917678
45250,-0.106378017262899,-0.135222149294507,-0.0785508155305395
45350,-0.112801267846671,-0.143062456382404,-0.0838973293753614
45450,-0.116436695943553,-0.148043166164265,-0.0857221283140919
45550,-0.116258741170196,-0.148617364137985,-0.0845353288642241
45650,-0.112108325402021,-0.144866557215682,-0.0799628301028843
45750,-0.104770139670908,-0.136675228582449,-0.0732215883889981
45850,-0.0948574474504107,-0.125446545259425,-0.0638237088030168
45950,-0.0827246315890231,-0.1121817057687,-0.0533311059975022
46050,-0.0685290442871106,-0.0961846985452172,-0.0411297419696897
46150,-0.0526698023033679,-0.078696709366186,-0.0272768256683884
46250,-0.0358584835240244,-0.060095150750031,-0.0118450688468109
46350,-0.018714753471661,-0.0420172836918073,0.00418850794611975
46450,-0.00177942567011094,-0.0248854172700764,0.0204636491561498
46550,0.0144816662835124,-0.00835515090243982,0.0366063815180277
46650,0.029743700329744,0.00796716305284278,0.0519762153815846
46750,0.0437809831357651,0.0229148817660611,0.0664546719662465
46850,0.0562992030842317,0.0356182283922777,0.079401647979472
46950,0.0668860149001363,0.0460653415642577,0.0902963184605557
47050,0.0750591280933807,0.0541290309424283,0.0988136851434896
47150,0.0807770020829302,0.0601002940333847,0.104051818408055
47250,0.0844521158463682,0.0639040631775196,0.107621590714564
47350,0.086387364903987,0.065643484815844,0.108931907610822
47450,0.0866819247268513,0.0657828327821517,0.109061642042906
47550,0.085261502181798,0.0650801533279852,0.107198657374976
47650,0.0822949924233797,0.0627869251592459,0.102911906322958
47750,0.0781872382489306,0.0592699910350325,0.0974622809823487
47850,0.0731758290593601,0.0548287326439626,0.0919742327137488
47950,0.0673360992930154,0.0497501654668992,0.0858421268066867
48050,0.0606211161486523,0.044002984504762,0.0782215970843534
48150,0.0531488580803636,0.0371596992224056,0.0698337429417799
48250,0.0452109175440037,0.029720641575002,0.0610104898954842
48350,0.0370245537940341,0.022346705236217,0.0519794822010354
48450,0.0287134749517406,0.0144129145307775,0.0432130350907991
48550,0.0203218783751035,0.00634876118795086,0.0342916135661366
48650,0.0119270949382003,-0.00162557420175181,0.0252446599383077
48750,0.00367075454080008,-0.00955028362818657,0.0165975137129702
48850,-0.0043161970733315,-0.0173078043554517,0.00840368604584144
48950,-0.0119065098127273,-0.0248448849075989,0.000667617442203536
49050,-0.0189732345254781,-0.0319774431920592,-0.0064435533856826
49150,-0.0254896753280583,-0.038443422519768,-0.0127592555330265
49250,-0.0315033529890311,-0.0445081659515816,-0.0186729870693654
49350,-0.0370184893736642,-0.0505046950567904,-0.023955445693994
49450,-0.0419745054788907,-0.0558468628264781,-0.028792454737748
49550,-0.0462439951668555,-0.0603022103332203,-0.0327922930178863
49650,-0.0498050753880064,-0.0641080352604593,-0.0360451410239412
49750,-0.0527367372116537,-0.0673964413134643,-0.0387115802713913
49850,-0.0550334930133093,-0.0699612449655994,-0.0406855844317816
49950,-0.0565722377225656,-0.0716404611949499,-0.0419576617356927
50050,-0.0571289894825408,-0.072360199726219,-0.0424702008724214
50150,-0.0567154658910702,-0.0718288371554219,-0.0420730857749743
50250,-0.0555471907262998,-0.0704758605159101,-0.0409663406829723
50350,-0.0537276530158102,-0.0684719240901221,-0.0393138924970752
50450,-0.0512327993124717,-0.0657904929473243,-0.0369620556076169
50550,-0.0479379259167813,-0.0622113249998247,-0.033800975093881
50650,-0.043955910220243,-0.0577611754934798,-0.0301134941783662
50750,-0.0396419363954663,-0.0530768257926188,-0.0260483051676294
50850,-0.0352879175942784,-0.0486802208261771,-0.0216828213871299
50950,-0.0311111966522613,-0.0449241264502902,-0.0173769053857564
51050,-0.0272586267528529,-0.0413240976272426,-0.0134832783823093
51150,-0.0238811228386342,-0.0380272837065801,-0.00991266565187216
51250,-0.0211580614355797,-0.0355923452100447,-0.00689555782754366
51350,-0.0192303493703653,-0.0338615737718905,-0.00475160164054636
51450,-0.018194204746585,-0.0327930976263262,-0.00370157347814822
51550,-0.0181234675093188,-0.03280312645724,-0.00370117272929694
51650,-0.0190048889329675,-0.0335011326670136,-0.00465639167521028
51750,-0.0207296503096021,-0.0348741516672972,-0.00644657174508266
51850,-0.0231541520434863,-0.0371191394694082,-0.00929486842292224
51950,-0.0261044298180623,-0.0399396498683232,-0.0123978283304362
52050,-0.0293753460856827,-0.0430266619205903,-0.0157287421970985
52150,-0.0327853602022951,-0.046364801045965,-0.0193114005340328
52250,-0.0361729659623731,-0.0499721878057712,-0.0222931360545436
52350,-0.0393128476359077,-0.0535215972647338,-0.024923760253351
52450,-0.0418793207920695,-0.0567218226087626,-0.0270449676001901
52550,-0.043500560452031,-0.0587945944745058,-0.0282884659711773
52650,-0.0440989592937112,-0.0597939251357125,-0.0288533376634995
52750,-0.0438657355842782,-0.0596849352925351,-0.028664410685538
52850,-0.0429320327204977,-0.0589028718104988,-0.0276690446289123
52950,-0.0413220496711109,-0.0574299766702454,-0.0258753575262673
53050,-0.0389841176933946,-0.0553397123408978,-0.0234119289197638
53150,-0.0359926666801643,-0.0524056078893303,-0.0202405500351563
53250,-0.0325617035248411,-0.0490213526865041,-0.0167748197524462
53350,-0.0288390493639858,-0.0458474728390413,-0.0128721041417688
53450,-0.0248932945072688,-0.0419865943425395,-0.00833728247407998
53550,-0.0207225505693914,-0.0377999754666888,-0.0037228546000307
53650,-0.0162028862277541,-0.0338177592741844,0.00103535290233428
53750,-0.0111040012016101,-0.0291321326247897,0.00623687233982375
53850,-0.00516293253947493,-0.0235352707703029,0.0129155414680681
53950,0.00192810540970762,-0.0169404368790549,0.020603003383679
54050,0.0104752392798908,-0.00885879575147747,0.0299314347978644
54150,0.0204360523190055,0.000881642655625045,0.0400989987369541
54250,0.0314061132683782,0.0116536492425579,0.0514733913382661
54350,0.0429096376272016,0.0222475117521357,0.0634541489977609
54450,0.0544100828908949,0.0330853735898789,0.0760157138694568
54550,0.0653090896550976,0.0431760677516277,0.0882824967260688
54650,0.0752209401110079,0.0520169790029982,0.0996948014343943
54750,0.0839555475938738,0.0594862034821774,0.109406631819558
54850,0.0912030974420044,0.0650574059020552,0.118457896994996
54950,0.096440420712248,0.0685496687346157,0.125278856690195
55050,0.0989702300560831,0.0696044349892771,0.129164986302354
55150,0.0986139187476043,0.0687098171089314,0.129260003472655
55250,0.095692467448004,0.0657529008392761,0.125907066600913
55350,0.0903511599325925,0.0603605193457194,0.119750674608029
55450,0.0824960388440303,0.0536014778200695,0.110402181886382
55550,0.0718699068642458,0.0450882091918361,0.0979194909140041
55650,0.0587841069013719,0.0344683531680707,0.0832599458505894
55750,0.0441644975391679,0.02150969431786,0.0673550477203982
55850,0.0288389798283638,0.00636168072280596,0.0517583246292766
55950,0.0135423186062987,-0.00926574051899759,0.0367655753587019
56050,-0.00104550958645484,-0.0251533546465316,0.0231058129491951
56150,-0.0144636731873014,-0.0396173133329341,0.0104563901073855
56250,-0.0264096366908441,-0.0519576506836482,-0.00119411811272424
56350,-0.0365494293440211,-0.0618159823850238,-0.0106707872339495
56450,-0.0444837621863317,-0.0690838389017051,-0.0188796578845783
56550,-0.0497592140525001,-0.0735193986180858,-0.0257968114259297
56650,-0.0525122331608772,-0.075067720666564,-0.0308102020652149
56750,-0.053457297638788,-0.0751709331656897,-0.0327868934729711
56850,-0.053239657221998,-0.0748285676209071,-0.0322830431298083
56950,-0.0523833742900255,-0.0739288099011917,-0.0309880716550181
57050,-0.0512819611276665,-0.0731429776109174,-0.0294629093975188
57150,-0.0502169276835149,-0.0723075968439164,-0.0280897348012373
57250,-0.0493931558529009,-0.0714779027017063,-0.02744885468878
57350,-0.0489323317695082,-0.0708195550025858,-0.0274867165806238
57450,-0.0488521878190555,-0.0702421511617478,-0.0282161887105457
57550,-0.0490767914788716,-0.0699336719630571,-0.0292681536298858
57650,-0.0494595465860053,-0.0695131072250745,-0.0299972794240708
57750,-0.049789621420049,-0.0694410212798052,-0.0309229954326151
57850,-0.0497624229897626,-0.0692402742917912,-0.0311882465317974
57950,-0.0489574752985734,-0.0688075213107952,-0.0300892201861914
58050,-0.0468637678055068,-0.0673572035853125,-0.0273169064141534
58150,-0.0432418057461173,-0.0639916468021974,-0.0228774259369176
58250,-0.0380960345320017,-0.0594545049175128,-0.0168629707206521
58350,-0.0313628104823574,-0.0528011773824488,-0.00915386595373037
58450,-0.0228719272557471,-0.0445443632645796,-0.000303463072640025
58550,-0.0123998555053825,-0.0332029930152493,0.0100567036254474
58650,-1.26E-04,-2.08E-02,0.0212521373478217
58750,0.0133627392209129,-0.00714213512154654,0.0339143989500123
58850,0.0274476170581049,0.00663485773887853,0.0479355064557447
58950,0.0414775069068426,0.0201116723046607,0.0630047434002502
59050,0.0547771565212604,0.0319599436382923,0.0779817523835477
59150,0.0669470938311578,0.0423259681277043,0.0917471842925167
59250,0.0778344359173609,0.0517213532852796,0.10410223481079
59350,0.0871601499732143,0.060318563850736,0.11426891534061
59450,0.094428021608019,0.0666349437634646,0.122021267274069
59550,0.0990009176396294,0.0716438674344027,0.126003501863843
59650,0.100903674417724,0.0743985718548975,0.12748761343051
59750,0.100860543543506,0.0753245000923832,0.126598444149767
59850,0.0994540778115888,0.0745155942667336,0.12458011635033
59950,0.0970058344411924,0.0726481838299839,0.121503434563278
60050,0.093643048829227,0.0700051043216337,0.117460419598781
60150,0.0896804398648631,0.0667004474551306,0.112852257230208
60250,0.0856190856162713,0.063247952193544,0.108682843907016
60350,0.0818005797182839,0.0596406021260199,0.104428146438717
60450,0.078377723109978,0.0562931026160995,0.100536864706195
60550,0.0753652362842153,0.0535073036931765,0.0972822225314758
60650,0.0728774118632855,0.0515209895078928,0.0943311013036426
60750,0.0711304679963555,0.0499908762851426,0.0924070835904337
60850,0.070220077808923,0.0493072383411455,0.091417066032422
60950,0.0701024854436416,0.0490385696763283,0.0914102865056468
61050,0.0706241657602507,0.0493308260720485,0.0918945680594187
61150,0.0717700544371375,0.0504723072044699,0.0930364852733784
61250,0.0736634909655989,0.0524053540423339,0.0951314200791762
61350,0.0763070802991563,0.0548598151981349,0.0979353807221531
61450,0.0795519867382365,0.0577086851585809,0.101739327731377
61550,0.0831270401830099,0.0610825525532001,0.105699444199817
61650,0.0868517196471211,0.0646397131202448,0.109466904615272
61750,0.0906232685131753,0.0677297496329495,0.113923702678093
61850,0.0941872042870831,0.070518380003624,0.118344669318204
61950,0.0970827482706437,0.0722381719454412,0.1221789394689
62050,0.0986760193768963,0.0730208412786768,0.124786411413481
62150,0.098657697154141,0.0721415524214115,0.125559211063956
62250,0.0970440242762461,0.0700937940104921,0.123989274516675
62350,0.0936641639566599,0.0664145469663397,0.120869688379265
62450,0.0881241026687108,0.0613152297437013,0.114981183802051
62550,0.0798814290005009,0.0537829483289135,0.105739287867103
62650,0.0690988462288927,0.045073814602958,0.0932432853099981
62750,0.0566805183147809,0.0342620199794721,0.0795828599498484
62850,0.0433888397847657,0.0225302377150815,0.0650826567560461
62950,0.029838382758579,0.00921411818236831,0.0504278491682718
63050,0.0165503915865235,-0.00408290574726961,0.0368132033471345
63150,0.00390972544275783,-0.0169322060264844,0.0248442693872338
63250,-0.00779367676096565,-0.0283331664778318,0.0145496050065704
63350,-0.0182516918881964,-0.0385595542457518,0.00442913066647147
63450,-0.0271260153320483,-0.0471458441219625,-0.00447596276572947
63550,-0.0340642502418784,-0.0533958569376616,-0.012335741011501
63650,-0.039045919026865,-0.0579797551366947,-0.0187947308447942
63750,-0.0423925824381547,-0.0608744674339889,-0.023629034109829
63850,-0.0443544423198959,-0.0626740640039322,-0.0267812134255449
63950,-0.0450682488155914,-0.0629624643282065,-0.0281558721776335
64050,-0.0445821058093608,-0.0616583158763909,-0.0282129028647622
64150,-0.0430308692072585,-0.059439730954023,-0.0273162262388246
64250,-0.0406472082420296,-0.0565657234727415,-0.0254345936896363
64350,-0.0375796993936035,-0.0529271370641595,-0.0226942930168534
64450,-0.033894606289695,-0.0488119361524915,-0.0194129086333712
64550,-0.0296053323448298,-0.0440995440290184,-0.0155803823436393
64650,-0.024891071733652,-0.0388209365722204,-0.0111516253028301
64750,-0.0201062137033993,-0.0338585295129966,-0.00635093147960294
64850,-0.0155701484680137,-0.0292576476238022,-0.00175554212312593
64950,-0.0115559311092114,-0.0251777538036184,0.00238241695729735
65050,-0.00830011795817949,-0.0216259875795647,0.00572167688925456
65150,-0.00584161905226557,-0.0191177318958053,0.00789520750638118
65250,-0.00399146237985457,-0.0170921178919343,0.00934361655334718
65350,-0.00253020049143258,-0.0156226927325642,0.0108310948156186
65450,-0.00123711625372248,-0.0142810807672998,0.0121331669895285
65550,9.06E-05,-1.30E-02,0.0135137883273844
65650,0.0014952341205659,-0.0114794720674043,0.0147894872029519
65750,0.00286603446156903,-0.0102464836155209,0.016198674588426
65850,0.00409014870414571,-0.00939312028946363,0.0176636039760196
65950,0.00504934336120778,-0.00876637043859818,0.0188954159194732
66050,0.00561980254439244,-0.00861318827365441,0.0197042010156291
66150,0.00565620071825373,-0.00883854681729521,0.0201957961259043
66250,0.00497976754249532,-0.00997950424301627,0.0198403101620977
66350,0.00338927038156653,-0.0117747828625317,0.0186831090152616
66450,0.000652169196014291,-0.0143812289873514,0.0160682614651955
66550,-0.0034504329646775,-0.0180572820256329,0.0114675000675328
66650,-0.00881523781708694,-0.0229338486051533,0.0055399411589181
66750,-0.0150173194162679,-0.0286531640406667,-0.00107388474882357
66850,-0.0215985806534791,-0.0358322591229832,-0.00773043175342116
66950,-0.0280552841972659,-0.0431121190267646,-0.0136132871745466
67050,-0.033853960974794,-0.0496615195591357,-0.0185375461014004
67150,-0.0388071317729251,-0.0549725359776846,-0.02288924462213
67250,-0.0430518700050565,-0.0595416372569506,-0.0263991522333158
67350,-0.0466575215140995,-0.0634729802948295,-0.0296361734096769
67450,-0.0495881753338534,-0.0667448973305757,-0.0323341259341135
67550,-0.0517235673668089,-0.0688058525614855,-0.0345024531022693
67650,-0.0531768233844256,-0.0700192118509907,-0.0362153363966956
67750,-0.0542986299912976,-0.0711983950750924,-0.0374169896207051
67850,-0.0553391628402911,-0.0723460938928216,-0.0382591677152584
67950,-0.0564373556412988,-0.0735582635060761,-0.0392696614318194
68050,-0.0576309793938561,-0.0748828752873368,-0.0402847775181544
68150,-0.0589939225117423,-0.0767376879777685,-0.0413612043640477
68250,-0.0606428996784724,-0.0787743163603345,-0.042532470922092
68350,-0.0625883086036637,-0.0811817422377133,-0.0442337000059608
68450,-0.0647011676876746,-0.083909970669212,-0.0458331964084604
68550,-0.0667496566918757,-0.0866468918806472,-0.0472652563337206
68650,-0.0688295536623145,-0.0895957527267063,-0.0484525575234655
68750,-0.071366770062844,-0.0930996953612042,-0.0497382139281906
68850,-0.0746864005110863,-0.0976863124745338,-0.0520239642284405
68950,-0.0789573648491684,-0.102723610000449,-0.0552146030491704
69050,-0.0842327335702339,-0.108730393212399,-0.0597996971047734
69150,-0.0904836149695984,-0.115662567303074,-0.0655829344984478
69250,-0.0975841167633779,-0.123104352122677,-0.0721858742073068
69350,-0.105222461124479,-0.131495082266088,-0.0794811649363085
69450,-0.112883209544389,-0.139717687175976,-0.086901748126034
69550,-0.119881364590251,-0.147737946136838,-0.0929560303218732
69650,-0.125968988591051,-0.155152812475852,-0.0982383322994112
69750,-0.131286151411755,-0.161554021302618,-0.102477456673965
69850,-0.135757199676324,-0.166498758269275,-0.10584753241206
69950,-0.139017437298677,-0.17070326246495,-0.107869876234194
70050,-0.140474561343482,-0.172567101437659,-0.108923441124197
70150,-0.139984805047347,-0.172066058682224,-0.108227071233837
70250,-0.13784247631451,-0.1698029767009,-0.106675837216168
70350,-0.134087564601161,-0.165526572038351,-0.103488739456274
70450,-0.128430405976493,-0.159023358663247,-0.0983701606013715
70550,-0.120356385636405,-0.150394819948593,-0.0910937626049607
70650,-0.110011117401002,-0.138621763472128,-0.0823843546872381
70750,-0.0982368457360991,-0.125343165570368,-0.0718532240234048
70850,-0.08572959530271,-0.111597705989204,-0.0601490613833999
70950,-0.0729654879187193,-0.0980620825886662,-0.0481037768984575
71050,-0.0602550378319402,-0.0844671942143715,-0.0359443864121961
71150,-0.0478881550441312,-0.0713035521780061,-0.024355860837038
71250,-0.0361692001126051,-0.0587564007669291,-0.0131063081932436
71350,-0.0253161274503505,-0.0473748552456429,-0.00280891974609275
71450,-0.0154772326130846,-0.0370380749728158,0.00671044960033491
71550,-0.00675666927131589,-0.0281605201619001,0.0152654122109069
71650,0.000801336559400626,-0.0203470906386204,0.0229403160113262
71750,0.00719881379500452,-0.014038645201376,0.0296057444382402
71850,0.0124350125605017,-0.00961467789554014,0.0352549124443862
71950,0.0164888922201586,-0.00656927973253556,0.0396857232316591
72050,0.0193002272986012,-0.00428380466996791,0.0427935579254771
72150,0.0207088434915435,-0.00385047915669307,0.0446079327347793
72250,0.0204501649957166,-0.00545011250101622,0.0452722345137735
72350,0.0181974324310836,-0.00965048209324454,0.0442821398348058
72450,0.0135755352723477,-0.0169601834735419,0.0411386128948671
72550,0.00620208277056733,-0.0264391324670879,0.0352719031460697
72650,-0.00386222064456113,-0.0367167031779465,0.0260357894702942
72750,-0.0160949137489697,-0.0484841522812232,0.0146505379980932
72850,-0.0299413930034306,-0.0612339164341345,0.0013606262566843
72950,-0.0448623114107106,-0.0752227355894134,-0.0137069296869691
73050,-0.0602594117381049,-0.0909915442235555,-0.0294985375047702
73150,-0.0754706562555385,-0.10740281392539,-0.0443455309936409
73250,-0.0897323109918938,-0.123264966836973,-0.0571339568280998
73350,-0.102127808197967,-0.137441986308981,-0.0667147881851457
73450,-0.111510127076083,-0.148903473009667,-0.0735592560912014
73550,-0.116516173563596,-0.155026540407564,-0.0774498304694046
73650,-0.116888343118084,-0.155815659602396,-0.0773694453110553
73750,-0.113491384822935,-0.152133273518439,-0.0747604746402086
73850,-0.107034368230728,-0.145025644218643,-0.0693537139046774
73950,-0.0979508154300822,-0.134320617812961,-0.0618552823338642
74050,-0.0864413771077991,-0.121504013508002,-0.0516909447307598
74150,-0.0728657884676371,-0.105976346356421,-0.0398420916721287
74250,-0.0578144014821338,-0.08910022976859,-0.0270259445989
74350,-0.0417598344603151,-0.071312813232456,-0.0128930694552324
74450,-0.0250346173889275,-0.0535297187362138,0.00217062947168108
74550,-0.00789660790504154,-0.0351686575910966,0.0186700760209489
74650,0.00932136617908668,-0.0171227965390341,0.035740111078994
74750,0.0261861792886129,0.000420685342921681,0.0525554291303049
74850,0.0422343989889122,0.0162697986095999,0.0689461255571616
74950,0.0569574058347816,0.0304340748769621,0.0846028973381705
75050,0.0697616508112529,0.0427834240446987,0.0982436394554873
75150,0.0804329526951929,0.0529817684693831,0.109190818315878
75250,0.0891066705295026,0.061138151104861,0.118619033392833
75350,0.0957440109895343,0.067352955512184,0.12560042065857
75450,0.100083310832723,0.0714514747475102,0.129738480803066
75550,0.10170948323038,0.0735916330689449,0.130583106753238
75650,0.10072098180565,0.0735891001224293,0.128856173602089
75750,0.0976736323862084,0.0712813838691483,0.124921534765488
75850,0.0929498555614376,0.0672491799015514,0.119633452888252
75950,0.0867244378206125,0.0612085864162003,0.113100104663276
76050,0.0789944841704232,0.0543299309748283,0.104331266882494
76150,0.070013220274504,0.0460997484921041,0.0941450223538251
76250,0.0603056184381172,0.0368554594118154,0.0839360805791469
76350,0.0502707680274469,0.0270568659908291,0.0734205269508012
76450,0.0401650703571061,0.0173203124849273,0.0631780256121804
76550,0.0301369575713368,0.00760505264627907,0.0528037096098672
76650,0.0203288876173355,-0.00236499298789837,0.0429511770057938
76750,0.0109116108996064,-0.0113367610982488,0.033148301493346
76850,0.00201733960079614,-0.0198189386521269,0.0237212003280476
76950,-0.00624218076399928,-0.0275187563108401,0.0148805388943904
77050,-0.0137488989171822,-0.0348211575712581,0.00659415493484077
77150,-0.0205092464830031,-0.0411782129978944,-0.000483069288569816
77250,-0.0266299241585809,-0.0470203468179434,-0.00681011975539574
77350,-0.0321759998882252,-0.0524167507483757,-0.0128830483924551
77450,-0.0371619061293867,-0.0572146897958714,-0.0179900451285849
77550,-0.0415532677716934,-0.0614028038024693,-0.0226039128455303
77650,-0.0454447297551493,-0.065056881576161,-0.0264403740894453
77750,-0.0490595169513933,-0.0685941574306027,-0.0297930631371839
77850,-0.0525576543951363,-0.0727608340819469,-0.0330473928800264
77950,-0.0559924022476317,-0.0765930156549382,-0.0359762355360819
78050,-0.0593219029720275,-0.0799189821196399,-0.0389685811754722
78150,-0.062549151112352,-0.0833049697410198,-0.0419785171192459
78250,-0.0657117354444726,-0.0862138925984801,-0.0453601726204083
78350,-0.0687279454916015,-0.0894443390151289,-0.0480914408039405
78450,-0.0713795279080532,-0.0927032069585023,-0.0504814855707375
78550,-0.0733403402894748,-0.0945784220521254,-0.0524383111377047
78650,-0.0745868887260677,-0.0955525433305162,-0.0536172656110052
78750,-0.0753899848691629,-0.0964569781232119,-0.0545395066721555
78850,-0.0759031949055918,-0.0972384089080886,-0.0550186285169995
78950,-0.0761364785709305,-0.0975993674629596,-0.0550268909729226
79050,-0.0759686872309048,-0.097570552466042,-0.0547794321257897
79150,-0.0753897316503587,-0.0966249620472569,-0.0542075343231514
79250,-0.0745072322425025,-0.0957095615250588,-0.0535904143787425
79350,-0.0732836472678521,-0.0941043611246722,-0.0522530681513999
79450,-0.0715064465252949,-0.0925418647026469,-0.0507079584677015
79550,-0.0688430304707975,-0.0894172775139439,-0.048347305110845
79650,-0.0652689565134009,-0.0855194497692473,-0.0450990722984209
79750,-0.0610812251634114,-0.080837753138306,-0.0413364522697474
79850,-0.0564659921204979,-0.0757115905112889,-0.0372082882809335
79950,-0.051473730902409,-0.0707008304930091,-0.0327127458682771
80050,-0.0460660532226274,-0.064925555425478,-0.0276437319658781
80150,-0.0404544638401148,-0.059356573378826,-0.0219828578682802
80250,-0.0351016206695761,-0.0540913320900541,-0.0159943693236508
80350,-0.0304241071564663,-0.0500990986529574,-0.0106195728346991
80450,-0.0267624719266992,-0.0474568262819052,-0.00614570729679529
80550,-0.0243871290054935,-0.0457200736966133,-0.00321324397309857
80650,-0.02343269576985,-0.0454456535164014,-0.00165755283497205
80750,-0.02392179963626,-0.0457422391296123,-0.0019556038231989
80850,-0.0258443305216606,-0.0472637502630378,-0.00435392722491444
80950,-0.0291497511908137,-0.0499233089671904,-0.00822556415367146
81050,-0.0337358344832535,-0.0537468832798404,-0.0137804817503086
81150,-0.0393558994944341,-0.0586520524859166,-0.0201166265218884
81250,-0.0456085150506144,-0.0649894841587009,-0.0263486221811111
81350,-0.0519968487119106,-0.0716203997249605,-0.0323054627103771
81450,-0.0579166460275658,-0.0780579531054051,-0.0376928390440983
81550,-0.0627020952014601,-0.0837067614809624,-0.0416431808028903
81650,-0.0662106811633348,-0.0880463771521489,-0.0447666876566461
81750,-0.0688363636407172,-0.0904547107173813,-0.0469710866606167
81850,-0.0708959086586182,-0.0930080971930885,-0.0489896108720385
81950,-0.0725477919217305,-0.0945166089248657,-0.0504654584351296
82050,-0.0738052696475641,-0.0960715767346092,-0.0517616339145555
82150,-0.0748238102749065,-0.0969095707056491,-0.0525754365265104
82250,-0.0758867913837657,-0.0978501854841733,-0.0538706737061477
82350,-0.0771600764127134,-0.0992997634203653,-0.0551954221207602
82450,-0.0786489615392192,-0.100611885906362,-0.0567749509979203
82550,-0.0802189000199826,-0.102212956883226,-0.0585911250841878
82650,-0.0818383854428962,-0.103588410958268,-0.0605518544847677
82750,-0.0835944280389062,-0.10539351425126,-0.062624495877854
82850,-0.0854308056547782,-0.107135989328233,-0.0647038786746039
82950,-0.0871050834462549,-0.108655307197859,-0.0660813467054551
83050,-0.0882336842992448,-0.109768532775227,-0.067245726798872
83150,-0.0886862698915947,-0.110052930624523,-0.0677876466347385
83250,-0.0885558226724415,-0.10971877921989,-0.0678436114294999
83350,-0.087773506543806,-0.109094581608013,-0.0672914134141934
83450,-0.0860959744466383,-0.107900336094644,-0.0654469851558233
83550,-0.0831379429577162,-0.105082861165402,-0.0627494610068545
83650,-0.0787535248234395,-0.100847894193482,-0.0584764313840797
83750,-0.0730572491629741,-0.0949106581436099,-0.0530590475402301
83850,-0.0660288186876634,-0.0876681284660673,-0.045993030382665
83950,-0.057480309823118,-0.0797387794045373,-0.0371882332168019
84050,-0.0471035904824311,-0.0696475794775411,-0.0267533744760256
84150,-0.034830116083097,-0.0577295721970847,-0.0138261817748939
84250,-0.0208692878329037,-0.044153469073787,0.0012070031298555
84350,-0.00536345035918293,-0.0293590782533512,0.0178109279885354
84450,0.011610961130501,-0.0135104993681872,0.0365820978418993
84550,0.030008966396519,0.0036260163324806,0.0566513917631102
84650,0.0497179751189675,0.021850337275583,0.0776074397787541
84750,0.0704973369052523,0.0410293871709804,0.100112425368864
84850,0.091997482873171,0.0610045904619122,0.123384935938722
84950,0.113722614574609,0.0808449133069448,0.147580404878829
85050,0.135025931990302,0.100058353934439,0.17057345531855
85150,0.15553645120263,0.118380637854305,0.193189759814863
85250,0.175066051364594,0.135574889001006,0.214654876133044
85350,0.193128612213453,0.150853280931352,0.235313799505345
85450,0.208841655081066,0.16461976716055,0.253832457130377
85550,0.221030475122649,0.175444841314113,0.266919664037676
85650,0.229485263009842,0.183164066148886,0.276199437401681
85750,0.234967220506302,0.188103537495721,0.28276545269668
85850,0.237833432365039,0.189753839895261,0.285908951694307
85950,0.237883306838836,0.189607325456565,0.285854337325437
86050,0.23447191783184,0.187222946908466,0.281885401686682
86150,0.227771264615697,0.182224400390609,0.273419299651949
86250,0.218812443577328,0.174748926237173,0.262849033910799
86350,0.208230828974645,0.165905852811205,0.251510164919634
86450,0.196180998235695,0.155036867987142,0.238122097761286
86550,0.182421930887842,0.143086705498041,0.222265582307279
86650,0.167247858689361,0.129699884708101,0.204772639490353
86750,0.151530137450241,0.115778464152816,0.187517679466569
86850,0.135874791506341,0.101595833549891,0.170481402547537
86950,0.120580586895747,0.087705271164641,0.153399506959823
87050,0.105685336938154,0.0746465778936788,0.136710127359015
87150,0.0912971832447943,0.0621654824810084,0.120838208982392
87250,0.0776513275957803,0.0501882805351196,0.105102777112633
87350,0.0648331374573387,0.039107372401353,0.0903906517881505
87450,0.0527540823422288,0.0284347339889679,0.076821173780319
87550,0.0412002431963372,0.0180429742079065,0.0639387704724086
87650,0.0300450614614656,0.00802926547705842,0.0519704613623654
87750,0.0192818456826119,-0.00178126038753547,0.0400770236048329
87850,0.00887842856329015,-0.0115237843050658,0.0289063545675659
87950,-0.00124865478448864,-0.0216413209704325,0.018469807610097
88050,-0.0112037472261695,-0.0317892172988144,0.00872520969330886
88150,-0.0210702825221774,-0.0418494474351115,-0.000919819290431155
88250,-0.0308893385241263,-0.052456178241911,-0.0102283428229696
88350,-0.0406594485753224,-0.0626418515249368,-0.0190784541882477
88450,-0.0503257518142301,-0.0728910891540986,-0.0280710052221176
88550,-0.059784084264365,-0.0834522488999325,-0.0368667407678335
88650,-0.0689964227218438,-0.0931969893236892,-0.0450045656365104
88750,-0.0779565647425954,-0.102926488504919,-0.0527048360465567
88850,-0.0865418417565827,-0.112915738864028,-0.0601267716576997
88950,-0.0944635888121398,-0.122058393875955,-0.067226218888213
89050,-0.101293763788008,-0.130369187528437,-0.0730924930369629
89150,-0.106785949686157,-0.136868357788126,-0.0778457853416485
89250,-0.110834463149709,-0.141522765283445,-0.0807283918988852
89350,-0.113124813653086,-0.145422974837032,-0.0821018127404826
89450,-0.113073718356054,-0.145973321496254,-0.0808149115264871
89550,-0.109934491523586,-0.143373310669037,-0.077462693375891
89650,-0.103749884885253,-0.136352738788743,-0.0720394459615262
89750,-0.0953465373278155,-0.126694651512336,-0.0647119421588137
89850,-0.0853776691865961,-0.115731218631974,-0.0550887568706943
89950,-0.0742758789319384,-0.103604219476481,-0.0446752184182846
90050,-0.0622978976584823,-0.0913332775742378,-0.0328433091637523
90150,-0.0499897925238268,-0.0802010846548616,-0.0197101109463518
90250,-0.0382226761896826,-0.07086860803619,-0.00677593255494436
90350,-0.0278175919968853,-0.0633467013639632,0.00463427866273094
90450,-0.0195489114231565,-0.0582419274486422,0.014523316896902
90550,-0.0141316027904866,-0.0551172599303321,0.0219737771446739
90650,-0.0118587321195042,-0.0535855454149865,0.0252849787832418
90750,-0.0126132668390755,-0.0540195843026569,0.0252212820501903
90850,-0.016245392583823,-0.0556538765884834,0.021415863896994
90950,-0.022629933868164,-0.0590528184262138,0.0133479148770987
91050,-0.0316185157330241,-0.0651759486178656,0.00222461588841332
91150,-0.0426250966590657,-0.0742185461326253,-0.0105334234756161
91250,-0.054562352201419,-0.0857846446848279,-0.0229802210170394
91350,-0.0662285652599357,-0.0993298699571703,-0.0334050396876651
91450,-0.0762852652266284,-0.112362935767227,-0.0406096398480387
91550,-0.0833396076610383,-0.121426893665037,-0.0444287334670883
91650,-0.0869550824646287,-0.126390913248931,-0.0464340065446629
91750,-0.0876026763459533,-0.127653330378915,-0.0470524275677032
91850,-0.085640137710059,-0.125292978943474,-0.045989901027619
91950,-0.0811847999165248,-0.119307629455813,-0.0435725442749044
92050,-0.0741702142563235,-0.109944858981221,-0.0388807562348891
92150,-0.065007562555217,-0.0986719538601928,-0.0325040032099985
92250,-0.0545215946047583,-0.0856625706742368,-0.0241588965895455
92350,-0.0434057818357235,-0.0728423222163801,-0.0148656493005662
92450,-0.0322874564378091,-0.0612288612178463,-0.00447768664180376
92550,-0.0216926429907813,-0.0503354444070434,0.00577378641185021
92650,-0.0119730628348433,-0.0403732583990315,0.015967738493896
92750,-0.00334921002327631,-0.0311087508649445,0.0246841441048726
92850,0.00395965148278984,-0.0231946609434574,0.0319288051801776
92950,0.00971075081311226,-0.0170691171160952,0.0371325135967258
93050,0.0136780773439652,-0.0120819473452881,0.040351973862912
93150,0.0158947220136749,-0.00920178445939761,0.0415992836096949
93250,0.016656953257161,-0.00780459870500392,0.0416984258376597
93350,0.0162575328717038,-0.00751143909244093,0.0408897809061588
93450,0.0149369788163961,-0.00857405872705144,0.0390324292709147
93550,0.0128852444050726,-0.0106619030378653,0.0364937335517112
93650,0.0102451750717981,-0.0134173671549057,0.0336993355328853
93750,0.0070765117705085,-0.0163430619162802,0.0303136829172542
93850,0.00339968200608881,-0.0200749362816622,0.0266738608790371
93950,-0.000784550415880504,-0.0242996724997043,0.0222900891157734
94050,-0.00546303643224063,-0.0290488294372094,0.0179460397804573
94150,-0.0104408754339865,-0.0342203918032663,0.0129207472313713
94250,-0.0153430265977106,-0.0391473035669006,0.00839528147736531
94350,-0.0197312579290138,-0.0435903273735781,0.00432153419815115
94450,-0.0231392217572207,-0.047510485614547,0.00100518232180408
94550,-0.0250910355227798,-0.0493180625760838,-0.00107139871624773
94650,-0.0256301835631389,-0.0497702271802571,-0.00192901583023086
94750,-0.025341416496518,-0.0488767965730818,-0.00172205245311711
94850,-0.0248231814170479,-0.0486005518340826,-0.0013454958324932
94950,-0.0246284288033935,-0.0489919494038767,-0.000932537138128159
95050,-0.0252207181042654,-0.050242676637947,-5.61E-04
95150,-0.0267859085623888,-0.0517067202840681,-0.00188405556721426
95250,-0.0292123590498401,-0.0537213378115393,-0.00432541146995996
95350,-0.0323458324889571,-0.0565199756990701,-0.00733825103482048
95450,-0.0359869809227036,-0.0600933269547529,-0.0112553657162805
95550,-0.0398558838653025,-0.0641229076293994,-0.0147839283954742
95650,-0.0436628465794434,-0.0683228062615488,-0.0188958686310706
95750,-0.0470934600004332,-0.0721137395396781,-0.0221490319857053
95850,-0.0497432907857985,-0.0750421922854143,-0.0243227586523582
95950,-0.051075911097384,-0.0767016145083131,-0.0252172559487292
96050,-0.05048607016287,-0.0767095822446838,-0.0246154180332178
96150,-0.0479715057967007,-0.0734434764460799,-0.0225659602799857
96250,-0.044088413858595,-0.069230958593623,-0.0192990723003263
96350,-0.0393556549981835,-0.0633719820709609,-0.0152191184773156
96450,-0.0341793661363405,-0.0577495217196153,-0.0105412571763054
96550,-0.0288758086411814,-0.0518365571589418,-0.00566329427666096
96650,-0.0237736826881489,-0.0464756362954212,-0.00054314912529518
96750,-0.0192300350066065,-0.0423872742186098,0.00408870062159767
96850,-0.0155543493059337,-0.039112085934506,0.0077203889350781
96950,-0.0130085477810722,-0.0373159354240092,0.010835190658423
97050,-0.0118279555713315,-0.0366886801354689,0.0126755109905678
97150,-0.0120368225629201,-0.0371711044084413,0.0126090814577961
97250,-0.0134190669815543,-0.0387524397423936,0.0116111105139329
97350,-0.0157235004565272,-0.0416338224890852,0.00999096882445901
97450,-0.0186723842609906,-0.0451596030895306,0.00714345242082536
97550,-0.0219767293933786,-0.0490458974750452,0.00500003465551587
97650,-0.0254309324999027,-0.053271092778256,0.00244870016921248
97750,-0.028891927156406,-0.0574506039678851,-0.000159085848499067
97850,-0.0321849403060845,-0.0618205937068558,-0.00180226622872367
97950,-0.0350672364691027,-0.0662840252353099,-0.00350853261577389
98050,-0.0372283934413877,-0.0694950843010213,-0.0045951415186344
98150,-0.0383597794187056,-0.0712921254502466,-0.00469266253199502
98250,-0.038139369331939,-0.0717881223572458,-0.00367693665969373
98350,-0.036122468647467,-0.0700610207755844,-0.00158887934475804
98450,-0.0317628492045963,-0.0653378937534229,0.00267060098505096
98550,-0.0245196381404453,-0.0566471351911706,0.0082612503977873
98650,-0.0146723499184199,-0.0453582457202131,0.0167436483786693
98750,-0.00337035462150714,-0.0330047452864644,0.0269080033577108
98850,0.00818761922461473,-0.0226480109625939,0.0395012152054119
98950,0.0188076592245651,-0.0143851722609771,0.0526890812956395
99050,0.0272909445188681,-0.00894456969630441,0.0636481677961453
99150,0.033051082401128,-0.0062046959368504,0.0714594247178416
99250,0.0360624998450169,-0.00470159923306878,0.0751852579481441
99350,0.0362389469622381,-0.00453510845448562,0.0746390999973771
99450,0.0333934662496793,-0.0056602482330399,0.0697191538523973
99550,0.0272837978381382,-0.00816699951856785,0.0608373545751388
99650,0.0182998665488536,-0.0130461898255522,0.0483656865055433
99750,0.00754226420037857,-0.0205714791079072,0.0355110859409003
99850,-0.00388966839204301,-0.0300829987385626,0.0227256118182391
99950,-0.0149304949298493,-0.0414994397300265,0.012023010699868
100050,-0.0245371384836486,-0.0521440447338316,0.00357815046080032
100150,-0.0322491128276996,-0.0603756593316124,-0.00291216222894939
100250,-0.0381751084649641,-0.0662582222684662,-0.00869131057780685
100350,-0.0423786770902455,-0.0694956244709578,-0.0135010173225549
100450,-0.0448071483913791,-0.0708817964533497,-0.0170555895883984
100550,-0.0453322549002442,-0.0698195076115214,-0.0194060214162391
100650,-0.044116512542022,-0.0669620418244758,-0.0208834096839334
100750,-0.0415957642018252,-0.0629505272913814,-0.0208568297505513
100850,-0.0381166540813307,-0.0586304138190828,-0.0186392747497915
100950,-0.0339369399297686,-0.053718337090645,-0.0152174316354948
101050,-0.0292241184524754,-0.0481189015130258,-0.0111770874551498
101150,-0.024141523539657,-0.0425162878446466,-0.00643448770640954
101250,-0.0188596848888651,-0.0369140925507187,-0.00137525744852054
101350,-0.0135112679043578,-0.0311138465084458,0.00363615861003437
101450,-0.00820084467801148,-0.0256664409930449,0.00929104390953513
101550,-0.00301234314488386,-0.020752366973611,0.0145025001605872
101650,0.00199107846002958,-0.0159646177166701,0.0195360706945326
101750,0.00675618068267546,-0.0113529859727321,0.0243749174524827
101850,0.0112284960124352,-0.00695145540118034,0.0291723368807538
101950,0.015330816107823,-0.00283216572093461,0.0337200620018794
102050,0.018983319821805,0.000648646363455701,0.0379191368045549
102150,0.0223728891751847,0.00328924145097526,0.042162398647836
102250,0.0259331217233242,0.00561283811126141,0.0473974170940943
102350,0.0300493428134325,0.00814143893373139,0.0534910520501031
102450,0.0350807986870204,0.011323639462858,0.060610045915849
102550,0.0413354262823819,0.0157350965132044,0.0686761552837011
102650,0.0489285521369803,0.0218329247528114,0.0771689399641839
102750,0.057785071909669,0.0296907408446886,0.0864043926499652
102850,0.0677382270214306,0.038754850620571,0.0965057730060916
102950,0.0785114280652024,0.0496585287327824,0.107437388621982
103050,0.0897062543922646,0.0607627783712802,0.118769207151704
103150,0.100862105113502,0.0716749983399578,0.130029591662019
103250,0.111431619355948,0.0807949533143364,0.141883720192524
103350,0.120646389111342,0.0882937409494702,0.152647028236148
103450,0.127465473147572,0.0932875031047298,0.162203063394488
103550,0.130624285109011,0.0946488072721704,0.166517565234132
103650,0.129918359727186,0.0932558539204154,0.165162513496928
103750,0.126230217266982,0.0903787964010092,0.161426964624389
103850,0.120227265861352,0.0858390176601667,0.154898818620959
103950,0.112264828280879,0.079409511044827,0.145565801726599
104050,0.102475134419718,0.0712516151255844,0.134173028872743
104150,0.0912945949578181,0.0616221808558093,0.121165846827899
104250,0.0794824829194434,0.0515054043022833,0.107939325274321
104350,0.06765205250635,0.040866440068904,0.0949430383547256
104450,0.0562323259411833,0.0306502351902773,0.0825825244992991
104550,0.0455021735029017,0.0206363308294165,0.0709180158378397
104650,0.0356194669650024,0.0115563663724116,0.0600758418463427
104750,0.0266672166022788,0.00367299539599874,0.0498196050944366
104850,0.0186800832643751,-0.00350212098189199,0.0410942955990634
104950,0.0116400595618847,-0.00973601459925493,0.0327545704829863
105050,0.00548903580035898,-0.0151730662488682,0.0257891696430513
105150,1.29E-04,-2.00E-02,0.0197382190461282
105250,-0.00454548362593987,-0.024287825297551,0.014584846025481
105350,-0.00864959178661559,-0.0283025244102619,0.0106371968614805
105450,-0.0122963171180361,-0.0321320821579817,0.00718278736651066
105550,-0.0155683142716975,-0.0353690678641872,0.00392278224638654
105650,-0.0184805182665974,-0.0381951311820096,0.000903305254643842
105750,-0.0209835187313615,-0.0407165682807029,-0.00154955075450622
105850,-0.0229824406514029,-0.0427681267107917,-0.00331951712055351
105950,-0.0243276819084834,-0.044862484994279,-0.0041700288390088
106050,-0.0248376043190201,-0.0461181391041434,-0.00431657412623935
106150,-0.0243977716312674,-0.045909187705299,-0.00312514036018214
106250,-0.0229277367708475,-0.0447993623621785,-0.00124244561731604
106350,-0.0203023475189015,-0.0425263168567638,0.00198510666176762
106450,-0.0163490514603695,-0.0389730392096132,0.00641036676598099
106550,-0.0108641014277103,-0.0334752186738763,0.011866651558263
106650,-0.00390781205062618,-0.0264324848862176,0.0182304635780208
106750,0.00417960837795931,-0.0179966634334708,0.0261106249286493
106850,0.0130618746545492,-0.00901313699968882,0.034566596930093
106950,0.02240867164546,0.000863717872201485,0.0440180036401891
107050,0.031883723303342,0.0102500493484027,0.0533700057116362
107150,0.0412009749716586,0.0192631636932676,0.0630870386567394
107250,0.0500962951384014,0.0276432842187702,0.0729046065298167
107350,0.0582069607676686,0.0347369108617593,0.0820392029002772
107450,0.0650602770090383,0.0407574801281369,0.0898244190965507
107550,0.0700919233340004,0.0452490685192176,0.0949118728460291
107650,0.0732478734096,0.0484632513390767,0.0983127099616892
107750,0.0749580105287279,0.0505063738534555,0.100187676183846
107850,0.0755292118022031,0.0510049451809844,0.10014424665804
107950,0.0751124574365618,0.0508492012765116,0.0995661581306224
108050,0.0737222619955959,0.0500682912286331,0.0976881382769632
108150,0.0714660767803876,0.0487460454670378,0.0946052762237043
108250,0.0685870873409297,0.0467449195104352,0.0909770154306907
108350,0.0652123432437633,0.0437569983238236,0.0868107685923478
108450,0.0613175486034497,0.0405335831559249,0.0824502388150513
108550,0.0567717183884557,0.0362311487372359,0.0775008720902055
108650,0.0516514741513764,0.0315349474907695,0.0718527292327524
108750,0.0462309493482183,0.0265971205827607,0.0659693811989486
108850,0.040718314929395,0.0214230893251813,0.060215238430295
108950,0.0352304874318347,0.0159016512280904,0.0546395577656962
109050,0.0297986548360288,0.0105929176228106,0.0489154307166584
109150,0.0244509469920057,0.005548381175315,0.0434721689852731
109250,0.0192316244969305,0.000366069777145923,0.0379350531674847
109350,0.0141434224585115,-0.00483486501030351,0.0327274080191804
109450,0.00914571431331264,-0.00968277350340399,0.0277502156472003
109550,0.00418289477890755,-0.0148952998788765,0.0230395138563148
109650,-0.000847381003552528,-0.0202291113034485,0.0181326427816572
109750,-0.00607008751596319,-0.0259501690662243,0.0130746188089606
109850,-0.0116164495899466,-0.0322968323271503,0.00825622447055104
109950,-0.0176221041590291,-0.0390546101232115,0.00341867165793801
110050,-0.0241950878242284,-0.0461540068839633,-0.00262002250101958
110150,-0.0313602590993657,-0.0540010674465065,-0.00901218480177894
110250,-0.0390331390868034,-0.06273000086662,-0.0160056632049952
110350,-0.0470599075272374,-0.0714699469628527,-0.0231502014354613
110450,-0.0552060173560934,-0.0801928013969137,-0.0304930734969825
110550,-0.063145821234426,-0.088927811358046,-0.0378660504725441
110650,-0.0706044372892745,-0.0974432011686049,-0.0444982373838469
110750,-0.0773607453938532,-0.104679421328047,-0.0500475116846292
110850,-0.0830363175904041,-0.111736746703285,-0.0542306418791802
110950,-0.0870700188477123,-0.117360673396624,-0.0567941447552851
111050,-0.0887633101436357,-0.119898248219161,-0.0574816121068906
111150,-0.0879749744444044,-0.118883331639566,-0.0565389539623189
111250,-0.0851357587936459,-0.115554638162511,-0.0538751690591396
111350,-0.0805231114156073,-0.110603025228129,-0.0500827791885398
111450,-0.074202374058685,-0.103045660827868,-0.045400154406995
111550,-0.0660866144630599,-0.0938245827602531,-0.0387863110585568
111650,-0.0565530700939888,-0.0829848674988716,-0.0308065996313098
111750,-0.0464683083206378,-0.0721754862459885,-0.0205991348299399
111850,-0.0366302291016104,-0.0631678063497438,-0.0104367687876143
111950,-0.0277535732553082,-0.0547026541121547,-0.00119584186894265
112050,-0.0204572130966678,-0.0485441330626165,0.00681127439952743
112150,-0.0150834408376942,-0.0440121420120379,0.012531581888537
112250,-0.011702224830358,-0.0405072789688521,0.0157388044975878
112350,-0.010359548900401,-0.0389696208106291,0.0168937278889976
112450,-0.0111106603421733,-0.0387571666968662,0.0151653025241067
112550,-0.0139855595812078,-0.0400781774500486,0.0114730170232942
112650,-0.0187571165972278,-0.0438118300089852,0.00574805484504637
112750,-0.0249762706121872,-0.0492316138327389,-0.00100245866667581
112850,-0.0321593065942581,-0.056201766072024,-0.00858855858298444
112950,-0.0397689483673974,-0.0639562772977695,-0.0156694286121185
113050,-0.0472427862517203,-0.0717287636221465,-0.0226834608431584
113150,-0.0543199287264255,-0.0795064343288744,-0.0290072519098951
113250,-0.0610033991723463,-0.0868357971972617,-0.0352550099457889
113350,-0.0671973180407649,-0.0939131756899066,-0.0408573959775347
113450,-0.0726761808713268,-0.100283829076016,-0.0460301640793145
113550,-0.077096241041685,-0.104723896447353,-0.0501077547176547
113650,-0.0804043950911305,-0.107964459674808,-0.0530599458790851
113750,-0.0828338674882805,-0.110841302936602,-0.0549040908546743
113850,-0.0844950157603135,-0.113090494249444,-0.0560296930734006
113950,-0.0852925049465747,-0.114465683698665,-0.0561198001310982
114050,-0.0849906592275329,-0.113831975399846,-0.0554645288659226
114150,-0.083598478833086,-0.112027877291811,-0.0544327721242799
114250,-0.0813503913575078,-0.109591383615257,-0.0526324856630933
114350,-0.0783382526841778,-0.106307966414509,-0.0499271156848115
114450,-0.0744855314366438,-0.102266061638859,-0.0466567856104286
114550,-0.0695738387598747,-0.096898810097958,-0.0426333273559315
114650,-0.0638256940339254,-0.0909373788398108,-0.036950914474684
114750,-0.0579350931515063,-0.0856752977766742,-0.0309513309326634
114850,-0.0525517131491615,-0.0810875859817873,-0.0244866418845611
114950,-0.0482102171207473,-0.0780917456280797,-0.0188406068625928
115050,-0.0453282643846474,-0.0765139887474517,-0.0140764000691637
115150,-0.0442529140151353,-0.0768327720934705,-0.0117867725672837
115250,-0.0452657187665354,-0.0789261358211669,-0.0118519409873833
115350,-0.0485550289078436,-0.082929001700624,-0.0146869817416797
115450,-0.0542429506075367,-0.0880185167923962,-0.0203875603279127
115550,-0.0623885533993974,-0.0957760319882135,-0.0287938382703874
115650,-0.0727748927427026,-0.105192781400581,-0.0398040188365517
115750,-0.0848833266771497,-0.117124540244332,-0.0526445202428513
115850,-0.0980528477767435,-0.130253035039309,-0.0658628215660522
115950,-0.111410981612522,-0.144620020073909,-0.0787590669121704
116050,-0.123964339471808,-0.158400404425382,-0.0902516660900885
116150,-0.135356727367667,-0.171154959986245,-0.100045998093563
116250,-0.145819016990573,-0.182787942009641,-0.109389169770195
116350,-0.155336220604205,-0.193988548415638,-0.117393620339488
116450,-0.163575519683562,-0.203250685549856,-0.123869666873346
116550,-0.169918515446428,-0.210673044385519,-0.129756825672339
116650,-0.174247585326018,-0.215239286498134,-0.13371290400091
116750,-0.177005342117831,-0.217379936026962,-0.13683650702048
116850,-0.178316992833008,-0.218747331155844,-0.13840902370469
116950,-0.177894679105841,-0.218193616281752,-0.138239134750622
117050,-0.175143856051767,-0.214420345480736,-0.136717479706483
117150,-0.170134656539796,-0.208107827961082,-0.133023587319262
117250,-0.163604881761121,-0.200191108785865,-0.127697832556495
117350,-0.156007911045266,-0.191108090875539,-0.121497061257754
117450,-0.147413803509119,-0.181465044971362,-0.113765296354025
117550,-0.137615936835627,-0.17052193919646,-0.10516420133001
117650,-0.126894679246211,-0.15848904346884,-0.0954735178273363
117750,-0.116016515288918,-0.147046690300945,-0.0857180121999463
117850,-0.105533978855598,-0.136293890330828,-0.07589336760704
117950,-0.0957592362741638,-0.126306359238843,-0.0663987589541381
118050,-0.0868134851373193,-0.116949279096798,-0.0572139243492337
118150,-0.078867000645613,-0.107991240247999,-0.0495331066209769
118250,-0.0721788511264088,-0.100678152705102,-0.0431444301386295
118350,-0.0668614346934788,-0.0948010736450329,-0.0386883946686778
118450,-0.0628797799859963,-0.0899000645248564,-0.0356033801102589
118550,-0.0600956422297095,-0.0859129090117254,-0.0339833008733457
118650,-0.0584086509091048,-0.0831542095084043,-0.0333932250921622
118750,-0.0577693636070116,-0.0815635212693712,-0.033585734783789
118850,-0.0580052138566319,-0.0813864923666378,-0.034374783696417
118950,-0.0588174760191685,-0.0823650864652725,-0.035150234455894
119050,-0.0598257210687298,-0.0836277486655573,-0.0356964292454922
119150,-0.0608602702040504,-0.0850388805000646,-0.0365045186680059
119250,-0.0620084889334528,-0.0867414502720435,-0.0371236351941779
119350,-0.063254239569496,-0.0883219525008594,-0.038520296866515
119450,-0.0644262194129107,-0.089760374965224,-0.0390941956068582
119550,-0.0652549338032753,-0.0905695099958694,-0.0396015316485687
119650,-0.0656495669698421,-0.0913868879695637,-0.0394482738890377
119750,-0.06569118327679,-0.0916051752532457,-0.0392906727350472
119850,-0.0653635413562419,-0.091768348127212,-0.0388889201234381
119950,-0.0644912363994883,-0.0910741652974494,-0.0378225677480537
120050,-0.0627672986504657,-0.0893031727041011,-0.0360648632298857
120150,-0.060287818881274,-0.0874871451024432,-0.0334671932642199
120250,-0.0575366152934038,-0.0854827666096196,-0.0300903722846873
120350,-0.0548901975098715,-0.0840172099221079,-0.0260005558895237
120450,-0.0525993737676126,-0.0832154217111064,-0.0224112774135257
120550,-0.0508296520472467,-0.0825777469256594,-0.0190831563261591
120650,-0.0498552326323619,-0.0829066293591952,-0.0168158597774312
120750,-0.0500039348320429,-0.0834476706730575,-0.0158003533075754
120850,-0.0515250541739459,-0.0848921772781027,-0.0167407558879189
120950,-0.0546023848283092,-0.0877781965243474,-0.0206049655107521
121050,-0.0593060725229102,-0.0920748614618737,-0.0260878390532954
121150,-0.0652514955184622,-0.0971482236655333,-0.0336420614591963
121250,-0.0715979471358312,-0.103105056236407,-0.0406632255566292
121350,-0.0773181338620816,-0.109400536718667,-0.0454790287559718
121450,-0.0812181183545865,-0.114941578612467,-0.0474855585369775
121550,-0.0820207854589453,-0.117650536022412,-0.0465905632109185
121650,-0.0794677424158517,-0.115892456841934,-0.0431353771946203
121750,-0.0743052803432596,-0.111155828260919,-0.0377674062149788
121850,-0.0671564453212329,-0.103519542291052,-0.0309744102913611
121950,-0.0584309470745911,-0.0938963053883126,-0.023098904252596
122050,-0.0483916795112587,-0.083110816982853,-0.0140568509426192
122150,-0.0373528790214148,-0.0706678305153598,-0.00482061175038027
122250,-0.0257223961648982,-0.0575421328353004,0.00543313141669773
122350,-0.0138558589524769,-0.0444777765555723,0.0165491115009129
122450,-0.00204380143897069,-0.03186467120968,0.0277085972144571
122550,0.0094405572305417,-0.0202299570876141,0.0391346763507864
122650,0.0203345720265757,-0.00923674973942108,0.0496403208641867
122750,0.0303489243187188,0.000115694138677606,0.0600292798835979
122850,0.0391229588009761,0.00804577981253083,0.0696614322757827
122950,0.046222967225183,0.01460748938637,0.0775243420329067
123050,0.0511741087113536,0.01927046024892,0.0832303522614345
123150,0.0537648344645366,0.0220369795720629,0.0859921266520695
123250,0.0540410573305935,0.0222210858793675,0.0871009337514244
123350,0.0519514424839196,0.0190329489070322,0.0851089814071442
123450,0.0473016816503333,0.0142456594720894,0.0797833674343769
123550,0.0398107312143879,0.00696220949192232,0.0717558045732736
123650,0.0296694738223697,-0.00233303138902714,0.0607511259200724
123750,0.017576203887374,-0.0131275377539616,0.048248690557892
123850,0.00419436128408453,-0.0264096968810437,0.0345014319413823
123950,-0.0098511254757801,-0.040587532173453,0.0206339356221587
124050,-0.0239449767835772,-0.0551861886576283,0.00706770932034848
124150,-0.0376035699784129,-0.0697354581597046,-0.0056840847064813
124250,-0.0504115586904454,-0.0836322536396816,-0.0170996782513498
124350,-0.0618526099861276,-0.0958507988896468,-0.0271590082661271
124450,-0.0712790666295072,-0.106305405408246,-0.0349719012142267
124550,-0.0779923515869172,-0.113775833730709,-0.0407354040785794
124650,-0.0818276329586849,-0.117666074794802,-0.0449984265165903
124750,-0.0831144430217074,-0.118557196805863,-0.0471039660390332
124850,-0.0820172949182327,-0.116974129355303,-0.0465115377692974
124950,-0.078474678329929,-0.11278814607245,-0.0440064833138914
125050,-0.0722655277315873,-0.105768782654975,-0.0392600397431797
125150,-0.0636464465757976,-0.0958527670432203,-0.0320533328985652
125250,-0.0533986147088,-0.0846993441711155,-0.0225808479661864
125350,-0.0422528806263794,-0.0735633170875548,-0.0112480836874234
125450,-0.0308097700257049,-0.0622642687245991,0.000543863218381679
125550,-0.019553792972928,-0.0508556805210174,0.0118835488213516
125650,-0.00881718986487517,-0.0401389561011507,0.0229467980508404
125750,0.00119447080782936,-0.0299799490120539,0.0332858398094788
125850,0.0102284822498209,-0.021092778219354,0.0416677792508635
125950,0.0179942211629773,-0.0130069355178077,0.0488633456530729
126050,0.0241965565486699,-0.00639976994949651,0.0545169850965991
126150,0.0289695802590405,-0.000568194080680949,0.0579834639459522
126250,0.0328952087459339,0.0035948521183737,0.0611157139221697
126350,0.0365222736999296,0.00762188870469302,0.0651251216264092
126450,0.0402944854190352,0.0111182264641399,0.0697366405170686
126550,0.0445803841519065,0.0149976331378792,0.0745220624763058
126650,0.0497153129473685,0.0193054780209126,0.0804713799342402
126750,0.0559994820735707,0.024681768134468,0.0874357653255462
126850,0.0636281971079835,0.0316541326207656,0.0958820976737856
126950,0.0726810958060947,0.0396732344000877,0.106187723332736
127050,0.0831541718235034,0.0492367635836959,0.117610391681855
127150,0.0949957899784241,0.0603002290604902,0.129983505659408
127250,0.108093722555836,0.0729233966658519,0.144049501517063
127350,0.122163346996945,0.0861192709118885,0.158837442131849
127450,0.136672654411878,0.0993249698898287,0.174689200291878
127550,0.150895140139115,0.111919173126557,0.190850670303692
127650,0.164654515970087,0.123929682762941,0.205614981050582
127750,0.178289068693048,0.136241270035054,0.220270420565349
127850,0.191832940906036,0.148027259559588,0.23595518799777
127950,0.204901493023975,0.159425758884815,0.251253495978889
128050,0.216808613723258,0.169609267387786,0.263976683899377
128150,0.227417243782117,0.179048887316727,0.275868332546717
128250,0.237046373055612,0.18785399965518,0.286477819784389
128350,0.24559431558111,0.195287107255644,0.296510998497181
128450,0.252448758553578,0.200951438235499,0.303328207217336
128550,0.256575231724945,0.204532402887293,0.308780140638646
128650,0.257948514555463,0.20583740435689,0.310955021344413
128750,0.257536773248932,0.205822128809848,0.310214779131428
128850,0.255867442601856,0.203775402862847,0.308760411343209
128950,0.252899469803067,0.20121989978204,0.30554492395156
129050,0.248125576678971,0.197413831354618,0.300416778278612
129150,0.241649162359873,0.192162113909594,0.292131242460861
129250,0.234203538908185,0.186156174475654,0.283184556278252
129350,0.226087878414654,0.179419687193617,0.272993672225505
129450,0.217083596589199,0.171575625375565,0.262386495744642
129550,0.206595095793683,0.162792316671484,0.250722732608907
129650,0.194818183429214,0.152803686572004,0.237556387060783
129750,0.182729998234802,0.142057788932275,0.223926706407136
129850,0.171023077299781,0.131233727641558,0.211393107039991
129950,0.160007968272545,0.12086205150363,0.199233641873286
130050,0.149675496721773,0.111520446840189,0.187768201603169
130150,0.14024253259853,0.10351690792267,0.177302035145781
130250,0.132144823643396,0.0967967096329091,0.168384903205149
130350,0.125576526721906,0.091048816310847,0.160535333339991
130450,0.120470351219998,0.0867057387852603,0.154287923864441
130550,0.116554940508431,0.083589792566996,0.149934859278983
130650,0.113809612336649,0.0816755402250006,0.146176120159981
130750,0.11246400689084,0.0807623586224769,0.144716018591623
130850,0.112552716423581,0.0808483570681186,0.144323912773013
130950,0.113863197058395,0.0819928670013739,0.145652839675383
131050,0.116012640528744,0.0833959092080037,0.148403736230892
131150,0.119044975358683,0.0862521120863588,0.152336091344031
131250,0.123428690821143,0.0895199964694266,0.15787461847537
131350,0.12943590996988,0.0945172392749409,0.165025043347277
131450,0.137088319066117,0.100797719544271,0.174138470027297
131550,0.146175346489818,0.108567164246241,0.184485320808642
131650,0.156607741854844,0.117782534029277,0.196045704228958
131750,0.168390162036445,0.128554078029578,0.209033313701619
131850,0.181236340218542,0.139969482195074,0.223090730281926
131950,0.194524478205171,0.152096896540951,0.237922713475203
132050,0.207358020720104,0.162977310691407,0.252558478663374
132150,0.21948384976418,0.173571404254207,0.266222973615553
132250,0.231300025806616,0.18401493108244,0.279981810508085
132350,0.242813485145049,0.193629802503313,0.293526906239554
132450,0.25352261143121,0.202818503992089,0.305656399248277
132550,0.262489733840971,0.210835304179024,0.315043973265597
132650,0.269659997351756,0.216710858696894,0.323680409470866
132750,0.275848268861329,0.222297449183644,0.330742369403534
132850,0.281411030724935,0.226722452608253,0.337234928140134
132950,0.286125041415842,0.230461060843829,0.343335282537764
133050,0.289268849897422,0.23270253023322,0.347801624120789
133150,0.290810022908577,0.234765333608371,0.348667474479098
133250,0.291376032394685,0.235855438183188,0.347927191067128
133350,0.291069906244411,0.235974084088651,0.347390429435362
133450,0.289364112553241,0.234340910360389,0.345265274075897
133550,0.285224360416291,0.230529747420211,0.340453716621111
133650,0.278678203865949,0.225544742477622,0.332926383600697
133750,0.270782504007442,0.219036418093128,0.32367261640168
133850,0.262092540233622,0.211383813518407,0.313744957544463
133950,0.252534225632907,0.202821800261303,0.303126648098911
134050,0.241578028767625,0.193222673747342,0.291125889944431
134150,0.229416768119641,0.183245978565528,0.276954835664781
134250,0.216949724871393,0.173038325379218,0.262090123268281
134350,0.204658617043095,0.162228930158827,0.247503019826431
134450,0.192556712141909,0.151613635671362,0.233733299271224
134550,0.180300633215666,0.140856429295456,0.219603385911538
134650,0.167878019506107,0.130365253183041,0.205207385497558
134750,0.155647568190702,0.120406786160934,0.190751064544147
134850,0.143685466607963,0.110962580308159,0.176383220602401
134950,0.131714207807533,0.100634151862223,0.162823299850195
135050,0.119212521546469,0.089880961623861,0.148579292139123
135150,0.106129270835679,0.0788181122574837,0.134183882707747
135250,0.0929319842136192,0.067424969322056,0.118844051507321
135350,0.0799293002951234,0.0560226884955518,0.104356299231868
135450,0.0672285251757582,0.0448561341257792,0.0900628311995696
135550,0.0547628975197866,0.0337253708975572,0.0761388210073472
135650,0.0426130683059548,0.023056396228275,0.0623881809114066
135750,0.0310829133710624,0.0126720885539982,0.0494205723662875
135850,0.0204149748150187,0.00318573088856763,0.0375874398247733
135950,0.0107836698776619,-0.00579464257196819,0.0272280705351655
136050,0.0023097890213387,-0.0139811902298785,0.0183718788455103
136150,-0.00493559988507934,-0.0209552942030553,0.0106354220609648
136250,-0.0108983353393413,-0.0264984476404644,0.00442593715182071
136350,-0.0155023033760694,-0.030875744784571,-0.000315127150371712
136450,-0.0186454366008463,-0.0339121044160555,-0.00318012665614168
136550,-0.020203781098557,-0.0353401276019941,-0.00459706908137689
136650,-0.0202702116251307,-0.0350507670087951,-0.00498440021963358
136750,-0.0191614445305296,-0.0338573074153971,-0.00409353818382425
136850,-0.0171607936584452,-0.0316680828643971,-0.00240676339898356
136950,-0.0145015210043765,-0.0290198718980739,-0.000106478113702838
137050,-0.011382259218573,-0.0258362441928639,0.00283516444360886
137150,-0.00808311284667055,-0.0229517885278465,0.00655606334902943
137250,-0.00500119571757135,-0.0205056944985115,0.0102716129032328
137350,-0.00254139377484992,-0.0188406005660164,0.0133152555889989
137450,-0.00109649071360863,-0.0179681371978815,0.0151266636218067
137550,-0.00103424802339642,-0.0181947486329399,0.0154395578514193
137650,-0.00241489292316267,-0.0194618625550759,0.0140772935232865
137750,-0.0049913159677735,-0.0217025906502115,0.0115132032289096
137850,-0.00847761455418586,-0.0250125087519024,0.00768889220346321
137950,-0.0125971214222549,-0.0289333011420964,0.00342020263850017
138050,-0.0170896998155161,-0.0330292403429741,-0.00103676831923858
138150,-0.0217854207729208,-0.0377502072537763,-0.0058884834313275
138250,-0.0265849449377523,-0.0426084115823526,-0.010629041564542
138350,-0.0313585700018433,-0.0476527973125548,-0.0151132436938886
138450,-0.0359104357905787,-0.0523342551089892,-0.0191954720438364
138550,-0.0400042249539366,-0.0567929979840831,-0.0229354889771847
138650,-0.0435374622983544,-0.0609104377729694,-0.0262431361873845
138750,-0.0465345524134104,-0.063943375345235,-0.0289563261249128
138850,-0.0489374247413813,-0.0665930349171262,-0.0309934187585242
138950,-0.0505774848578273,-0.0682948175417617,-0.0324903904492183
139050,-0.0512059601374374,-0.0688576011808484,-0.0332145675103638
139150,-0.0508034312492113,-0.068239330323338,-0.0332642154675702
139250,-0.0495695363731388,-0.0666896565999759,-0.032665586297174
139350,-0.0476039411283231,-0.0644149736150227,-0.031072525750729
139450,-0.04490276118093,-0.0610929192779768,-0.0286098175552458
139550,-0.0413734857891131,-0.0571667520205497,-0.0253971128663885
139650,-0.0371577973147843,-0.0526469895568806,-0.0216133325998365
139750,-0.0326607372975669,-0.0479511946108362,-0.0172415794682866
139850,-0.0282465917691452,-0.0435983348850605,-0.012805777699744
139950,-0.0242085779853461,-0.0398648006522714,-0.00852724947953605
140050,-0.0207852054738674,-0.0366607150039996,-0.00483147716251168
140150,-0.0181084863036466,-0.0340790283036558,-0.00191703536953563
140250,-0.0162023946265299,-0.0323158793596549,0.000108086938856801
140350,-0.0150409877403397,-0.0314620775566162,0.00130717393783833
140450,-0.0145626152626558,-0.0312183023709881,0.0021004943746603
140550,-0.0147009400212788,-0.0316300034857445,0.0021892796829754
140650,-0.0154745278722802,-0.0329629588498189,0.00166905933825617
140750,-0.016989945823927,-0.0350327621193668,0.000628977432580413
140850,-0.0193452454646101,-0.037560121451194,-0.00154914014964409
140950,-0.0226270073695726,-0.0408931557946496,-0.00461975614971763
141050,-0.026873240803359,-0.0453329417875382,-0.00861547736458266
141150,-0.0319945877331956,-0.0507021760942228,-0.0136327071012546
141250,-0.037780720800343,-0.0565951369513283,-0.0192527345967255
141350,-0.0439483715576622,-0.0630816123268567,-0.0251043578923924
141450,-0.0501365076750791,-0.0700279915845489,-0.0306051164487024
141550,-0.0559412641260583,-0.0766809845886939,-0.0357521200756044
141650,-0.0611892590418682,-0.0825238472646953,-0.0402200213807065
141750,-0.065897714355294,-0.0884116899334829,-0.04408564081466
141850,-0.0699631740854471,-0.0930095045806983,-0.0472162090517076
141950,-0.0731236149416751,-0.0974257172703224,-0.0494929953111967
142050,-0.0749995543140162,-0.0997718252622491,-0.050572888742179
142150,-0.0754941995073092,-0.100906219260704,-0.050771480017656
142250,-0.0747715380736331,-0.100427249718155,-0.049536402916581
142350,-0.0728553955030477,-0.0989018487425734,-0.0472314414812441
142450,-0.0695978979826519,-0.0958912251101706,-0.0440631164177858
142550,-0.0647531265360132,-0.09032650637839,-0.0396190370296588
142650,-0.0583696692680071,-0.0829695623542908,-0.033979433876826
142750,-0.0507976417678025,-0.07450642159825,-0.0268002860484857
142850,-0.0422907188170483,-0.0657179549435573,-0.0186722709819875
142950,-0.0329800836074182,-0.0556379584686507,-0.0100560826251162
143050,-0.0229143986290811,-0.0451452741183456,-0.00050317587942093
143150,-0.0123185486454057,-0.0340120412767278,0.00963365399072653
143250,-0.00161513172260863,-0.0232916969493945,0.0202251966488133
143350,0.00879054120453655,-0.0130940926735069,0.0307410493113242
143450,0.0185049284371195,-0.00354941436528398,0.0408469020458816
143550,0.0271284346357741,0.00450190383801092,0.0496208298933362
143650,0.0344887693155368,0.0120525800956356,0.0570697224449881
143750,0.0406328408003358,0.0182412880786122,0.0632941182030974
143850,0.0455192156633247,0.0230467778670417,0.0683749126556683
143950,0.0490174570840403,0.026920727816182,0.0715874608431351
144050,0.0509251766327595,0.0293291604969391,0.0732791915410939
144150,0.0512742212216476,0.030043352315244,0.073335415804677
144250,0.0503434624803225,0.0294167251099349,0.0719393787966534
144350,0.0483036543213641,0.0272124419345397,0.0694942899956454
144450,0.0451989306474663,0.0242564213322185,0.0661349995249142
144550,0.0409758555714712,0.0200200784702565,0.0618585716663419
144650,0.0356884286905913,0.0149660541996358,0.0563315251074569
144750,0.0295053010267398,0.00875938503586108,0.0502007878854782
144850,0.0225154071058105,0.00184314236470483,0.0432650552578239
144950,0.0147424519318738,-0.00618139475115373,0.0355793804754917
145050,0.00616134019937561,-0.0148953846436022,0.0270988404581244
145150,-0.00315358149264225,-0.0244061348124797,0.0178331800427202
145250,-0.0129981051352869,-0.0343125206088249,0.00810999992210955
145350,-0.0231602339667053,-0.0448440677332428,-0.00175257582325083
145450,-0.0334256478562308,-0.0553922976828459,-0.0115561715453679
145550,-0.043520244313427,-0.0662783663931312,-0.0209410506535574
145650,-0.0531373748446057,-0.0765225982386907,-0.0298139855297081
145750,-0.0619301152983297,-0.0864149258274261,-0.0377308296494658
145850,-0.0694472155990551,-0.0949477502829215,-0.0444843388480543
145950,-0.0750941601208581,-0.101443638073287,-0.0495537007950435
146050,-0.0781510419340881,-0.104359308022515,-0.0525779778340532
146150,-0.0786126903172611,-0.104252400983845,-0.053426532838755
146250,-0.0772425039595002,-0.101935274112106,-0.0528241954780426
146350,-0.0747107329700638,-0.0990595692169067,-0.050005522104637
146450,-0.0715144883226938,-0.0957979378423482,-0.0468655266432648
146550,-0.0680020668419523,-0.0923641725631289,-0.0429608834593635
146650,-0.064486871724205,-0.0889287329956336,-0.0394745085541826
146750,-0.0612498359545731,-0.0857812803607694,-0.0360015737294801
146850,-0.0584505502942174,-0.0829996852856408,-0.0334655729552334
146950,-0.0561470636402741,-0.0802288119339863,-0.0316307813583355
147050,-0.0542944323256063,-0.077591770609377,-0.0308914759168951
147150,-0.0527398401871771,-0.0756595860840469,-0.0303716404069498
147250,-0.0512100699817349,-0.0736126860181651,-0.0294563931055126
147350,-0.0493056775134982,-0.0714051164810642,-0.0276786505258115
147450,-0.0465105677426531,-0.0687549969339532,-0.0247885458488527
147550,-0.0422552228797929,-0.0649140140932124,-0.0200809061923187
147650,-0.0364142137404413,-0.0593854328147424,-0.013892996784732
147750,-0.0292917006421156,-0.0523410773596897,-0.00664838836198623
147850,-0.0211342243427008,-0.0439449263945928,0.0016967365388274
147950,-0.0121070077565609,-0.0350098606993257,0.010332702573902
148050,-0.00231139632241528,-0.024829605718206,0.020284952599144
148150,0.00803988462980515,-0.014383701008641,0.0315905957718112
148250,0.0185893829739264,-0.00382159259282627,0.0427366082915753
148350,0.028945511144776,0.00583470371401565,0.0547952489304458
148450,0.0386725334297696,0.0146965163941563,0.0663551195077173
148550,0.047284268302264,0.0215647732959321,0.0766621969410319
148650,0.0545342846917587,0.0275449558313807,0.0852314395712676
148750,0.0603986245694101,0.0321274797598359,0.0924620846102368
148850,0.0647512224791481,0.0350526996252563,0.0980164065593371
148950,0.0673184532609455,0.0360295196380397,0.101804138588478
149050,0.0677222097693104,0.035209171819255,0.103640702853853
149150,0.0660253128214521,0.0312084257171185,0.103471386795626
149250,0.0627963965249683,0.0248306923953611,0.103159950914144
149350,0.0585482137079206,0.0171400607516896,0.102077609147233
149450,0.0537197573468053,0.00928983793799277,0.0999758511299029
149550,0.0486688112669082,0.00181744076389841,0.0969982646078265
149650,0.0435559268369555,-0.00448173705934454,0.0940095644594082
149750,0.0383934236067629,-0.00925452061550511,0.091529679652711
149850,0.0331813015763318,-0.0144522681334831,0.0887906747763166
149950,0.0279195607456624,-0.0200329830194006,0.0867200980710624