Age,d (0.1),d (0.5),d (0.9),Result 0.02µm-3.89µm,Result 3.90µm-7.79µm,Result 7.80µm-15.59µm,Result 15.60µm-30.99µm,Result 31.00µm-62.49µm,Result 62.50µm-124.99µm,Result 125.00µm-249.99µm,Result 250.00µm-499.99µm,Result 500.00µm-1000.00µm,Result 1000.01µm-2000.00µm,Mode,Clay,Silt,Sand
-43.52,2.77,22.92,137.86,14.08,10.53,14.89,18.9,16.99,12.91,9.31,2.3,0,0,25.14,14.08,61.31,24.52
-42.61,2.16,12.56,47.48,19.99,16.31,20.42,22.26,15.54,4.62,0.66,0.08,0,0,20.35,19.99,74.54,5.36
-41.71,2.46,15.71,55.65,16.72,13.48,19.47,24.32,17.96,5.97,1.16,0.81,0.01,0,22.66,16.72,75.22,7.95
-40.81,2.28,12.99,49.34,18.91,16.29,20.44,22.22,16.13,5.01,0.6,0.29,0,0,21,18.91,75.08,5.89
-39.9,2.47,17.19,69.38,16.18,12.52,18.2,22.23,18.87,8.01,1.56,1.85,0.48,0,24.35,16.18,71.81,11.91
-39,2.22,19.85,88.62,16.6,10.85,15.62,21.01,20.04,8.64,1.42,1.77,3.29,0.68,29.93,16.6,67.52,15.79
-38.1,3.21,29.43,878.22,11.83,8.71,13.8,16.81,12.07,4.13,0.67,6.87,18.21,6.84,718.36,11.83,51.38,36.72
-37.19,2.24,19.8,637.47,16.72,10.87,15.77,19.24,14.49,5,0.86,4.07,9.1,3.8,22.5,16.72,60.38,22.82
-36.29,2.23,15.15,51.3,17.61,13.44,19.84,24.51,18.24,5.45,0.45,0.36,0.01,0,22.91,17.61,76.02,6.26
-35.39,2.08,18.36,120.4,18.31,12.01,15.48,18,16.72,9.83,2.78,3.33,3.43,0.03,25.69,18.31,62.2,19.4
-34.48,2.17,12.72,61.3,19.53,16.21,20.31,19.6,14.52,6.37,1.9,1.32,0.13,0,14.4,19.53,70.64,9.71
-33.58,2.68,16.36,60.47,14.98,13.05,20.22,24.76,17.41,5.69,1.49,1.97,0.33,0,21.63,14.98,75.44,9.49
-32.68,2.19,14.28,51.53,18.69,14.07,20.07,23.57,16.89,5.4,1.03,0.18,0,0,21.09,18.69,74.59,6.61
-31.77,2.04,12.24,46.85,20.21,16.2,21.39,21.91,15.03,4.8,0.34,0,0,0,17.28,20.21,74.53,5.14
-30.87,2.42,19.13,96.98,15.64,11.13,16.97,21.35,17.64,10.26,5.12,1.74,0.06,0,23.12,15.64,67.1,17.18
-29.97,2.2,14.79,76.76,18.14,13.93,19.46,20.12,15.09,8.37,3.28,1.39,0.11,0,16.83,18.14,68.6,13.15
-29.06,2.26,17.28,78.13,17.3,12.35,17.28,20.8,18.06,9.9,3.23,0.98,0.01,0,23.77,17.3,68.48,14.12
-28.16,2.37,19.7,142.82,16.59,11.72,15.58,17.92,15.67,10.74,7.8,3.74,0.15,0,22.64,16.59,60.9,22.42
-27.26,2.63,21.15,110.52,14.59,10.73,15.93,19.95,17.88,12.68,6.43,1.67,0.05,0,24.12,14.59,64.49,20.83
-26.35,2.3,17.47,76.62,16.34,11.78,18.21,22.24,17.78,9.33,3.16,1.06,0.01,0,21.83,16.34,70.01,13.55
-25.45,2.17,13.89,57.56,18.8,14.82,19.89,21.15,16.76,7.41,1.05,0.02,0,0,18.8,18.8,72.62,8.47
-24.6,2.25,16.19,70.93,17.38,13.03,18.38,21.46,17.43,8.87,2.63,0.73,0.01,0,22.05,17.38,70.29,12.23
-23.8,2.32,17.51,89.99,17.26,12.98,16.62,18.58,17.32,11.88,4.44,0.83,0,0,23.79,17.26,65.5,17.15
-23,2.4,18.03,80.77,16.33,12.4,17.12,19.7,18.7,12.35,2.92,0.38,0.01,0,23.94,16.33,67.91,15.66
-22.2,2.27,15.77,87.35,17.51,13.27,18.81,20.22,14.83,9.79,4.52,0.94,0.01,0,17.96,17.51,67.13,15.26
-21.4,2.38,19.96,109.63,16.54,11.87,15.39,16.92,16.27,15.46,7.08,0.39,0,0,19.96,16.54,60.45,22.92
-20.6,1.72,7.82,31.3,28.21,21.61,23.17,16.71,7.91,2.2,0.05,0,0,0,9.46,28.21,69.4,2.25
-19.8,2.81,20.7,103.4,13.76,11.24,16.82,19.9,18.32,12.57,5.4,1.79,0.11,0,23.32,13.76,66.28,19.87
-19,1.94,15.38,99.45,21.03,13.78,15.45,15.13,14.71,13.79,5.44,0.58,0,0,14.85,21.03,59.07,19.81
-18.2,1.65,9.46,55.41,27.21,17.53,18.66,16.67,11.27,4.89,1.16,1.63,0.85,0,11.72,27.21,64.13,8.54
-17.4,1.64,7.78,47.07,29.94,20.01,18.57,14.74,10.02,4.53,0.87,0.93,0.26,0,5.59,29.94,63.34,6.59
-16.6,1.77,9.97,70.09,25.64,17.63,18.59,15.74,11.03,5.78,2.01,2.38,1.08,0,10.19,25.64,62.99,11.25
-15.8,1.77,9.97,55.18,25.23,17.7,19.93,17.32,11.18,4.3,0.96,2.07,1.19,0,11.87,25.23,66.14,8.52
-15,1.71,8.28,35.53,27.61,20.4,21.84,17.55,9.16,2.8,0.45,0.06,0,0,10.6,27.61,68.95,3.31
-14.2,2.04,9.86,71.55,23.33,19.55,19.97,15,10.34,7.6,3.78,0.3,0,0,8.21,23.33,64.86,11.68
-13.4,1.7,8.15,43.19,28.25,20.3,20.5,15.57,9.58,4.01,1.21,0.46,0,0,8.43,28.25,65.94,5.68
-12.59,1.56,7.82,50.28,29.44,20.38,19.72,13.98,8.37,3.61,1.83,2.18,0.37,0,7.38,29.44,62.44,7.99
-11.76,1.67,6.57,28.09,32.16,23.65,21.6,13.9,6.27,2.02,0.25,0,0,0,6.3,32.16,65.41,2.28
-10.93,1.25,5.26,26.94,40.26,21.81,18.21,11.32,5.63,2.33,0.29,0,0,0,4.07,40.26,56.98,2.62
-10.1,1.65,6.45,27.6,32.82,23.41,21.14,14.27,6.33,1.82,0.07,0,0,0,5.32,32.82,65.14,1.88
-9.27,1.77,7.45,28.13,29.05,22.39,23.35,16.75,6.56,1.59,0.16,0,0,0,9.64,29.05,69.05,1.75
-8.45,1.61,6.76,25.64,31.93,22.82,22.77,15.54,5.7,1.06,0.03,0,0,0,8.36,31.93,66.83,1.09
-7.62,1.73,7.47,30.8,28.94,22.42,22.86,15.75,7.07,2.39,0.42,0.02,0,0,8.55,28.94,68.09,2.83
-6.79,1.83,8.72,36.42,25.33,20.8,23.36,17.55,9.16,3.08,0.59,0,0,0,10.11,25.33,70.87,3.66
-5.96,1.67,7.24,26.83,29.53,23,23.8,15.96,6.05,1.3,0.23,0,0,0,8.79,29.53,68.8,1.53
-5.13,1.68,7.01,26.29,29.93,23.83,23.55,15.21,6.01,1.31,0.01,0,0,0,7.8,29.93,68.6,1.32
-4.31,1.6,7.2,27.47,30.15,22.52,23.26,15.99,6.51,1.37,0.06,0,0,0,8.78,30.15,68.28,1.43
-3.48,1.66,7.41,33.67,29.47,22.15,21.93,15.09,7.11,2.41,0.78,0.81,0.11,0,7.81,29.47,66.28,4.11
-2.65,1.79,8.35,33.66,26.39,21.19,23.42,17.45,7.97,2.28,0.39,0.64,0.12,0,10.2,26.39,70.03,3.43
-1.82,1.69,8.8,36.59,26.42,19.67,22.1,18.41,10.32,2.91,0.04,0,0,0,10.99,26.42,70.5,2.95
-0.99,1.77,9.92,60.24,24.62,18.14,20.47,16.25,10.85,5.63,1.92,1.63,0.37,0,10.47,24.62,65.7,9.55
-0.16,1.71,9.13,38.76,25.7,19.21,22.45,18.38,9.98,3.2,0.41,0.46,0.08,0,11.52,25.7,70.01,4.15
0.66,1.6,9.79,42.65,25.73,17.4,21.53,19.05,11.14,3.67,0.47,0.68,0.21,0,13.17,25.73,69.12,5.03
1.49,1.42,7.08,33.44,32.17,20.7,20.52,15.23,8.33,2.68,0.24,0,0,0,7.84,32.17,64.79,2.91
2.32,1.51,7.39,37.25,31.18,20.33,19.83,15.48,9.05,3.29,0.63,0.08,0,0,7.07,31.18,64.68,4
3.15,1.47,7.1,31.69,31.58,21.31,21.3,15.32,7.86,2.36,0.13,0,0,0,8.05,31.58,65.79,2.5
3.98,1.51,7.37,29.09,30.45,21.33,22.71,16.48,7.12,1.61,0.15,0.02,0,0,9.6,30.45,67.64,1.77
4.8,1.53,7.63,35.4,29.81,20.77,21.57,15.6,8.6,3.18,0.34,0,0,0,8.99,29.81,66.54,3.52
5.63,1.61,7.63,29.93,29.55,21.07,22.75,17.11,7,1.73,0.55,0.1,0,0,10.57,29.55,67.93,2.39
6.46,1.45,5.8,23.61,35.92,24.4,21.01,12.28,4.83,1.3,0.12,0,0,0,5.53,35.92,62.51,1.42
7.29,1.08,4.61,23.14,44.44,21.72,17.12,10,4.66,1.78,0.15,0,0,0,3.82,44.44,53.5,1.92
,,,,,,,,,,,,,,,,,
8.94,2.37,17.99,123.88,17.08,13.57,15.95,15.5,14.48,13.47,8.34,1.51,0,0,13.44,17.08,59.5,23.32
9.77,1.46,7.69,38.99,30.33,19.99,20.44,15.49,8.84,3.55,1.02,0.21,0,0,8.47,30.33,64.75,4.78
10.6,1.36,5.79,30.42,37.17,21.93,18.39,12.64,7.12,2.35,0.24,0.02,0,0,4.51,37.17,60.08,2.61
11.43,1.55,8.17,36.72,28.46,20.01,21.43,16.97,9.35,3.15,0.49,0.02,0,0,9.59,28.46,67.76,3.65
12.26,1.71,8.45,33.06,26.58,20.64,23.3,18.16,8.36,2.35,0.39,0.08,0,0,10.79,26.58,70.46,2.82
13.09,1.48,6.86,29.73,32.41,21.67,21.56,14.87,6.87,2.24,0.24,0,0,0,8.08,32.41,64.97,2.48
13.91,1.57,7.48,33.5,29.66,21.61,22.27,15.17,7.09,2.52,1.22,0.33,0,0,8.62,29.66,66.14,4.06
14.74,1.48,7.48,32.06,30.36,20.92,22.5,15.57,7.47,2.54,0.28,0.19,0.04,0,9.49,30.36,66.45,3.05
15.57,1.67,8.28,34.43,27.33,20.58,22.74,17.33,9.06,2.66,0.17,0,0,0,10.04,27.33,69.7,2.83
16.4,1.62,7.66,30.5,29.21,21.29,22.93,16.72,7.56,2.05,0.11,0,0,0,9.88,29.21,68.49,2.16
17.23,1.63,7.89,33.12,28.69,20.82,22.47,16.75,8.36,2.61,0.16,0,0,0,10.01,28.69,68.41,2.77
18.05,1.56,6.4,25.65,32.82,24.07,22.26,13.37,5.13,1.55,0.43,0.23,0,0,6.69,32.82,64.83,2.2
18.88,1.7,9.23,46.33,25.17,19.49,21.1,16.79,11.66,5.33,0.34,0,0,0,9.17,25.17,69.03,5.67
19.71,2.73,25.63,145.59,14.07,10.69,14.12,15.23,15.4,16.98,11.75,1.68,0,0,94.77,14.07,55.44,30.41
20.54,2,14.39,90.49,19.45,14.52,18.11,16.98,14.08,11.59,4.61,0.54,0.02,0,13.69,19.45,63.69,16.76
21.37,1.68,10.03,43.45,23.55,18,23.92,18.93,9.62,4.71,0.98,0.15,0.02,0,12.34,23.55,70.47,5.86
22.19,1.51,11.54,99.66,26.38,15.12,14.43,11.85,12.47,13.65,5.46,0.52,0.01,0,6.62,26.38,53.86,19.65
23.02,1.54,8.59,37.61,28.04,18.98,21.38,18.03,9.14,3.24,0.78,0.29,0,0,12.27,28.04,67.52,4.31
23.85,1.32,8.37,48.24,30.2,17.82,18.27,15.65,11.6,5.28,0.81,0.26,0,0,8.63,30.2,63.33,6.35
24.68,1.63,11.56,92.47,24.11,15.67,18,16.02,11.22,8.22,5.29,1.32,0.03,0,12.37,24.11,60.91,14.87
25.51,1.98,12.8,49.7,20.72,15.77,19.22,21.39,17.21,5.39,0.19,0,0,0,23.79,20.72,73.58,5.58
26.34,1.61,10.32,44.48,25.71,16.8,18.96,19.87,14.09,4.26,0.21,0,0,0,20.02,25.71,69.71,4.46
27.16,0.96,3.78,18.37,51.01,22.12,14.52,6.89,3.41,1.81,0.11,0,0,0,3.34,51.01,46.94,1.92
27.99,2.2,15.63,72.17,17.46,13.22,19.16,21.15,16.39,9.31,2.63,0.45,0.12,0,18.98,17.46,69.93,12.51
28.82,2.86,39.47,152.13,13.03,9.01,11.66,11.79,15.54,23.19,14.07,1.65,0,0,95.25,13.03,48,38.9
29.65,2.13,13.95,51.65,18.26,14.26,21.26,23.62,15.67,5.84,0.67,0.22,0.09,0,18.68,18.26,74.81,6.82
30.48,1.7,10.77,42.33,23.38,16.77,21.99,20.9,12.65,4.02,0.17,0,0,0,14.97,23.38,72.31,4.19
31.3,2.3,13.86,41.69,17.72,14.75,21.75,26.6,16.24,2.53,0.06,0.16,0.07,0,21.44,17.72,79.34,2.83
32.13,1.38,6.5,37.02,33.65,22.07,19.23,12.47,8.38,3.83,0.23,0,0,0,5.97,33.65,62.16,4.06
32.96,1.65,9.11,46.54,25.79,19.33,21.13,16.92,10.19,4.84,1.58,0.09,0,0,9.7,25.79,67.57,6.51
33.79,1.66,7.19,31.66,28.98,23.85,22.69,14.03,7.42,2.81,0.07,0,0,0,7.28,28.98,67.99,2.88
34.62,1.73,7.74,40.35,27.64,22.49,21.95,14.27,7.96,4.07,1.32,0.16,0,0,7.55,27.64,66.67,5.55
35.44,1.7,6.74,31.48,30.4,24.82,21.68,12.75,6.65,2.89,0.64,0.02,0,0,6.34,30.4,65.9,3.55
36.27,1.23,5.46,39.91,39.55,20.38,15.56,11.18,7.69,3.94,1.4,0.16,0,0,3.8,39.55,54.82,5.5
37.1,2.26,6.64,15.87,24.85,33.72,30.77,9.45,0.78,0.25,0,0,0,0,7.43,24.85,74.72,0.25
37.93,2.8,15.1,64.31,14.61,14.91,21.49,22.15,16.25,7.82,2.02,0.64,0.01,0,16.93,14.61,74.8,10.48
38.76,3.17,13.97,47.38,12.86,15.68,25.9,25.42,14.17,4.79,0.76,0.3,0,0,15.55,12.86,81.17,5.86
39.59,3.44,17.21,82.97,11.55,13.19,21.7,23.03,15.99,9.24,4,1.17,0.04,0,17.16,11.55,73.9,14.45
41.38,3.17,24.01,145.23,12.22,10.83,16.07,16.82,15.26,15.65,10.78,2.28,0.01,0,16.91,12.22,58.98,28.72
44.13,1.27,5.99,34.75,36.65,21.24,18.33,12.16,7.32,3.47,0.7,0,0,0,5.2,36.65,59.05,4.16
46.88,1.9,10.77,42.06,21.7,17.85,22.9,20.81,12.29,3.73,0.56,0.03,0,0,13.63,21.7,73.85,4.32
49.63,3.4,13.58,43.9,12.06,17.12,26.33,25.35,14.92,4.09,0.01,0,0,0,15.04,12.06,83.72,4.1
52.38,2.01,17.73,124.83,19.91,13.13,14.18,14.78,15.44,12.49,6.65,3.05,0.28,0,39.22,19.91,57.53,22.47
55.13,1.55,8.75,40.9,27.62,18.85,21.06,17.53,9.79,3.96,1.03,0.03,0,0,11.54,27.62,67.23,5.02
57.88,1.49,8.09,76.75,30.37,18.57,16.72,13.05,9.28,5.33,3.88,2.54,0.14,0,5.53,30.37,57.62,11.89
60.63,1.46,7.32,50.51,31.85,19.87,19.03,13.67,7.1,4.09,2.6,1.52,0.15,0,6.75,31.85,59.66,8.36
63.38,2.77,14.26,56.1,15.51,16.06,21.3,22.58,16.22,6.14,1.26,0.73,0.1,0,19.32,15.51,76.15,8.22
66.13,2.67,15.55,107.15,15.24,14.62,20.13,18.78,14,8.57,4.43,3.38,0.74,0,13.5,15.24,67.54,17.12
68.88,2.84,16.8,80.18,14.52,13.68,19.27,23.13,16.21,6.64,3.35,2.52,0.59,0,21.63,14.52,72.28,13.09
71.63,1.06,3.79,19.26,50.99,22.32,13.82,7.17,3.86,1.6,0.1,0,0,0,3.17,50.99,47.17,1.7
74.38,1.35,3.45,8.6,56.65,30.56,10.91,1.6,0.09,0,0,0,0,0,3.45,56.65,43.16,0
77.13,1.67,4.93,13.28,38.49,33.25,21.4,5.99,0.68,0.01,0,0,0,0,5.17,38.49,61.32,0.01
79.88,2.2,8.97,29.84,21.31,22.97,27.64,18.63,7.21,1.94,0.17,0,0,0,10.11,21.31,76.43,2.11
82.63,2.38,11.86,40.1,18.29,17.42,24.6,23.67,11.99,3.37,0.55,0,0,0,15.64,18.29,77.68,3.91
85.38,2.05,11.35,51.17,20.39,17.38,22.93,19.85,12.02,5.45,1.47,0.4,0,0,12.89,20.39,72.17,7.32
88.13,1.54,9.01,36.99,27.28,18.26,21.95,19.01,9.79,3.14,0.46,0,0,0,13.32,27.28,69,3.59
90.88,1.7,11.07,52,24.13,16.15,19.74,19.19,13.43,5.61,0.94,0.61,0.09,0,15.29,24.13,68.51,7.25
93.63,1.74,10.86,42.45,24.12,16.46,20.72,21.32,13.14,3.92,0.22,0,0,0,17.39,24.12,71.63,4.14
96.38,2.43,14.12,44.3,17.2,14.9,21.35,25.87,16.8,3.66,0.09,0.01,0,0,21.43,17.2,78.93,3.76
99.13,2.33,12.23,37.9,17.93,16.68,24.8,25.26,12.54,2.44,0.22,0,0,0,16.73,17.93,79.28,2.67
101.88,2.66,13.16,39.56,16.07,16.37,24.11,26.55,13.95,2.69,0.15,0,0,0,18.56,16.07,80.97,2.83
104.63,2.53,11.82,35.36,17.19,17.98,25.9,25.41,11.42,1.9,0.08,0,0,0,16.2,17.19,80.71,1.98
107.38,2.75,13.48,38.25,15.32,15.76,24.85,27.88,13.83,2.24,0,0,0,0,18.47,15.32,82.32,2.24
110.13,2.75,12.53,37.52,15.66,17.33,25.82,26.02,12.6,2.39,0.06,0,0,0,16.59,15.66,81.77,2.44
112.88,3.26,14.69,46.06,12.41,14.24,25.89,27.85,13.37,3.66,1.28,0.98,0.2,0,17.12,12.41,81.35,6.13
115.63,2.58,10.56,31.46,16.98,20.36,29.86,22.37,7.84,2.13,0.31,0,0,0,12.39,16.98,80.44,2.45
118.38,1.71,8.65,37.86,26.64,20.01,21.62,17.83,10.19,3.24,0.28,0.08,0,0,10.2,26.64,69.63,3.59
121.13,2.16,10.96,41.68,19.77,18.43,24.6,21.15,11.24,4.31,0.37,0,0,0,13.11,19.77,75.42,4.68
123.88,2.29,11.39,41.09,18.93,17.97,24.75,22.31,11.29,3.66,0.97,0,0,0,14.22,18.93,76.32,4.63
126.63,2.26,11.79,47.27,18.99,17.47,23.22,21.56,12.45,5.48,0.71,0,0,0,14.56,18.99,74.7,6.19
129.38,,,,,,,,,,,,,,,,,
132.13,,,,,,,,,,,,,,,,,
134.88,,,,,,,,,,,,,,,,,
137.63,,,,,,,,,,,,,,,,,
140.38,,,,,,,,,,,,,,,,,
143.13,,,,,,,,,,,,,,,,,
145.88,,,,,,,,,,,,,,,,,
148.63,,,,,,,,,,,,,,,,,
150,,,,,,,,,,,,,,,,,
160.35,,,,,,,,,,,,,,,,,
170.7,1.56,8.63,38.49,27.32,19.52,20.68,17.99,10.99,3.24,0.13,0,0,0,9.33,27.32,69.18,3.37
181.05,1.56,8.69,43.68,27.46,19.3,19.73,16.88,11.53,4.52,0.44,0.01,0,0,8.03,27.46,67.44,4.98
191.4,1.6,9.23,45.92,26.59,18.62,18.98,17.58,12.79,4.96,0.34,0,0,0,7.56,26.59,67.98,5.31
201.75,1.13,6.89,38.45,33.76,19.76,19.1,14.09,8.55,3.69,0.93,0,0,0,7.06,33.76,61.5,4.61
212.1,1.24,6.85,36.74,33.64,20.11,19.32,14.27,8.07,3.41,1.05,0,0,0,7.04,33.64,61.77,4.46
222.45,1.52,7.78,34.14,28.69,21.27,21.49,16.65,8.98,2.33,0.43,0.02,0,0,7.79,28.69,68.39,2.78
232.8,1.92,10.1,40.93,22.61,19.11,22.11,19.86,12.54,3.45,0.18,0.01,0,0,11.7,22.61,73.62,3.64
243.15,2.35,9.37,31.02,20.03,22.7,26.96,20.15,8.3,1.25,0.3,0.16,0,0,10.24,20.03,78.12,1.71
253.51,2.88,10.9,32.8,15.42,20.81,29.15,23.25,8.96,1.71,0.5,0.06,0,0,12.58,15.42,82.16,2.28
263.86,1.52,6.41,27.29,32.31,24.76,21.82,12.66,5.79,2.11,0.4,0,0,0,6.35,32.31,65.03,2.51
274.21,1.89,19.9,170.81,23.13,13.74,9.96,9.6,14.57,14.62,7.93,5.03,1.33,0,65.28,23.13,47.87,28.91
284.56,1.79,8.51,84,27.57,19.96,16.39,11.44,10.27,9.12,4.16,0.96,0.01,0,5.19,27.57,58.05,14.25
294.91,2.35,14.07,95.72,18.4,15.9,18.31,16.08,13.32,12.17,5.33,0.37,0,0,11.59,18.4,63.62,17.88
305.26,2.82,12.51,55.18,14.6,17.48,26.52,21.45,11.41,6.43,1.68,0.3,0.03,0,12.59,14.6,76.85,8.43
315.61,2.38,12.72,38.4,17.4,15.92,24.77,26.16,12.81,2.68,0.14,0,0,0,17.24,17.4,79.66,2.83
325.96,1.57,7.65,29.8,27.54,23.09,24.67,15.15,7.04,2.12,0.23,0.01,0,0,8.68,27.54,69.96,2.35
336.31,2.4,23.37,69.65,14.66,8.48,13.83,23.99,26.06,11.48,1.2,0.19,0.04,0,33.88,14.66,72.35,12.91
346.66,2.42,8.57,22.33,19.7,25.69,32.95,16.83,3.09,1.27,0.32,0,0,0,10.12,19.7,78.55,1.58
357.02,1.47,7.23,30.72,31.61,20.62,20.79,17.02,8.14,1.51,0.15,0.03,0,0,8.08,31.61,66.57,1.69
367.37,2.39,11.02,38.12,19.1,19.15,24.13,22.54,12.13,2.54,0.12,0.15,0.01,0,14.71,19.1,77.94,2.83
377.72,1.61,8.12,33.01,27.72,20.8,23.83,16.55,7.27,2.81,0.77,0.11,0,0,10.3,27.72,68.45,3.7
388.07,2.39,12.19,53.32,18.63,17.73,21.13,19.94,15.11,6.09,1.18,0.07,0,0,12.38,18.63,73.92,7.33
398.42,2.87,16.61,55.32,14.45,13.77,19.56,24.99,19.48,6.24,0.82,0.53,0.05,0,24.61,14.45,77.81,7.64
408.77,3,14.83,48.62,13.7,14.68,23.5,26.42,15.43,4.82,0.86,0.44,0.04,0,18.72,13.7,80.04,6.15
419.12,2.5,13.15,49,17.54,16.24,22.07,23.4,14.16,4.8,0.91,0.59,0.16,0,17.98,17.54,75.88,6.46
429.47,2.2,7.03,20.39,24.82,29.92,28.15,13.26,3.24,0.44,0,0,0,0,7.35,24.82,74.56,0.44
439.82,2.1,8.75,31.51,23.42,22.37,24.7,19.04,8.2,1.93,0.19,0,0,0,10.11,23.42,74.32,2.12
450.17,2.89,10.82,39.31,15.66,21.4,26.91,20.88,11.54,3.34,0.13,0,0,0,10.47,15.66,80.73,3.47
460.53,1.55,7.98,35.21,29.88,19.35,20.28,17.93,9.23,2.91,0.3,0,0,0,13.41,29.88,66.78,3.21
470.88,3.16,16.02,50.98,12.88,13.73,22.28,26.98,17.56,5.15,1.22,0.11,0,0,20.45,12.88,80.54,6.47
481.23,3.65,15.52,44.04,10.82,13.38,25.93,29.64,15.95,4.01,0.16,0,0,0,18.05,10.82,84.9,4.17
491.58,2.58,14.14,47.23,16.33,15.21,21.92,25.15,16.04,5.05,0.19,0,0,0,19.71,16.33,78.32,5.24
501.93,2.9,14.59,49.91,14.28,15,23.16,25.31,15.9,5.83,0.41,0,0,0,18.15,14.28,79.37,6.24
512.28,3.58,18.05,54.06,11.07,12.29,20.87,28.01,20.67,6.7,0.29,0,0,0,23.1,11.07,81.83,7
522.63,2.59,12.35,44.22,17.07,17.63,23.65,23.17,13.7,4.5,0.16,0,0,0,16,17.07,78.15,4.65
532.98,2.8,11.5,40.86,15.98,19.6,26.11,22.36,11.6,4.01,0.2,0,0,0,13.11,15.98,79.67,4.22
543.33,2.42,10.46,38.83,19.07,20.26,25.45,20.71,10.41,3.72,0.25,0,0,0,12.23,19.07,76.82,3.97
553.68,2.02,10.29,39.45,21.93,18.85,23.73,20.57,10.71,3.67,0.42,0,0,0,13.4,21.93,73.86,4.09
564.04,2.02,10.64,43.12,21.85,18.11,22.98,20.36,11.63,4.35,0.42,0.15,0.03,0,13.6,21.85,73.08,4.95
574.39,1.8,9.08,36.65,25.56,19.58,22.31,19.08,10.29,2.9,0.16,0,0,0,12.35,25.56,71.25,3.06
584.74,2.18,12.36,43.46,19.56,16.25,22.17,23.46,14.19,3.98,0.26,0,0,0,17.91,19.56,76.07,4.25
595.09,1.96,10.8,38.47,22.03,17.68,22.92,22.22,11.97,2.93,0.13,0,0,0,15.87,22.03,74.79,3.06
605.44,2.08,10.89,38.97,21.77,17.9,22.35,22.39,12.35,2.96,0.14,0,0,0,16.89,21.77,75,3.1
615.79,2.37,8.94,28.21,19.98,24.02,29.32,18.16,6.62,1.68,0.07,0,0,0,9.92,19.98,78.11,1.76
626.14,1.68,7.09,27.06,29.21,24.2,23.53,15.13,6.34,1.38,0.06,0,0,0,7.46,29.21,69.2,1.44
636.49,1.84,8.82,33.07,25.13,20.72,23.16,19.5,9.43,1.87,0.05,0,0,0,11.59,25.13,72.81,1.92
646.84,2.05,10.83,39.3,21.98,18.1,21.64,22.22,13.14,2.74,0.05,0,0,0,18.17,21.98,75.1,2.8
657.19,1.66,8.06,34.02,28.28,20.6,21.14,17.96,9.86,2.01,0.01,0,0,0,8.57,28.28,69.56,2.02
667.55,1.55,6.62,27.96,32.41,23.03,21.56,14.47,6.54,1.77,0.07,0,0,0,6.64,32.41,65.6,1.84
677.9,1.7,6.96,26.74,30.23,23.64,22.68,15.93,6.39,0.98,0,0,0,0,6.89,30.23,68.64,0.98
688.25,1.57,7.6,26.97,29.46,21.31,23.44,18.55,6.76,0.35,0,0,0,0,11.26,29.46,70.05,0.35
698.6,1.85,8.42,30.85,25.55,21.71,23.73,18.97,8.62,1.27,0,0,0,0,10.07,25.55,73.03,1.27
708.95,2.15,9.36,34.7,21.86,21.39,25.34,19.16,9.24,2.77,0.1,0,0,0,10.77,21.86,75.13,2.87
719.3,2.05,9.87,35.22,21.93,19.92,24.33,20.91,10.26,2.25,0.24,0.02,0,0,12.63,21.93,75.42,2.51
729.65,1.74,6.02,19.83,32.19,28.66,23.79,10.98,3.28,0.88,0.06,0,0,0,6.22,32.19,66.7,0.93
740,1.01,4.06,16.55,48.44,23.89,16.57,7.51,2.61,0.77,0.08,0,0,0,3.92,48.44,50.57,0.85
750.35,1.79,7.9,29.83,27.25,22.18,23.42,17.71,7.28,1.63,0.36,0.02,0,0,9.47,27.25,70.59,2.02
760.7,1.69,8.77,41.61,26.17,19.92,22.55,16.66,9.2,4.54,0.82,0,0,0,10.29,26.17,68.33,5.37
771.06,1.69,8.27,31.91,25.71,22.02,25.41,16.3,6.79,3.04,0.59,0.01,0,0,9.77,25.71,70.52,3.63
781.41,1.6,7.14,30.6,29.62,23.4,22.8,14.22,6.55,2.56,0.68,0.03,0,0,7.59,29.62,66.97,3.26
791.76,1.79,7.12,28.38,28.88,24.34,23.25,14.75,6.56,1.77,0.3,0,0,0,7.24,28.88,68.9,2.07
802.11,,,,,,,,,,,,,,,,,
812.46,,,,,,,,,,,,,,,,,
822.81,,,,,,,,,,,,,,,,,
833.16,,,,,,,,,,,,,,,,,
843.51,,,,,,,,,,,,,,,,,
853.86,,,,,,,,,,,,,,,,,
864.21,,,,,,,,,,,,,,,,,
874.57,,,,,,,,,,,,,,,,,
884.92,,,,,,,,,,,,,,,,,
895.27,,,,,,,,,,,,,,,,,
905.62,,,,,,,,,,,,,,,,,
915.97,,,,,,,,,,,,,,,,,
926.32,,,,,,,,,,,,,,,,,
936.67,,,,,,,,,,,,,,,,,
947.02,,,,,,,,,,,,,,,,,
957.37,,,,,,,,,,,,,,,,,
967.72,,,,,,,,,,,,,,,,,
978.08,,,,,,,,,,,,,,,,,
988.43,,,,,,,,,,,,,,,,,
998.78,,,,,,,,,,,,,,,,,
1009.13,,,,,,,,,,,,,,,,,
1019.48,,,,,,,,,,,,,,,,,
1029.83,2.09,10.52,36.9,20.94,18.86,24.27,21.83,11.31,2.54,0.11,0.01,0,0,13.86,20.94,76.27,2.66
1040.18,1.9,10.96,53.54,21.55,17.47,22.54,18.5,12.09,6.75,0.97,0,0,0,12.08,21.55,70.6,7.73
1050.53,2.42,9.73,27.09,18.82,21.88,30.02,22.07,6.16,0.78,0.14,0,0,0,12.2,18.82,80.13,0.91
1060.88,1.3,5.04,31.85,40.93,22.68,16.09,9.86,6.06,3.48,0.76,0,0,0,3.85,40.93,54.69,4.24
1071.23,2.04,11.05,51.6,21.59,17.98,20.78,19.12,13.3,6,1.08,0.02,0,0,13.02,21.59,71.19,7.1
1081.59,1.74,8.47,46.47,27.39,20.09,19.48,16.03,10.68,5.34,0.84,0,0,0,6.56,27.39,66.29,6.19
1091.94,2.05,7.14,24.37,26.82,26.65,25.41,14.76,5.09,0.99,0.13,0,0,0,7.27,26.82,71.91,1.11
1102.29,2.48,12.62,40,17.84,16.91,22.81,25.26,14.15,2.54,0.34,0.03,0,0,19.35,17.84,79.13,2.91
1112.64,2.65,16.04,48.28,15.74,13.46,19.71,27.01,18.9,4.42,0.59,0.06,0,0,23.55,15.74,79.08,5.07
1122.99,1.49,6.49,30.55,33.77,21.84,19.78,14.7,7.33,2.08,0.35,0,0,0,5.07,33.77,63.66,2.43
1133.34,2.79,13.47,42.01,15.18,16.01,24.59,26.23,13.77,3.41,0.71,0,0,0,17.56,15.18,80.59,4.11
1143.69,2.96,12.82,37.77,14.63,17.28,26.24,26.64,12.26,2.74,0.09,0,0,0,16.64,14.63,82.41,2.83
1154.04,2.49,11.38,39.27,17.91,18.89,24.88,22.86,11.7,3.31,0.32,0.01,0,0,14.64,17.91,78.32,3.63
1164.39,3.01,16.26,53.64,13.7,14.06,20.69,25.18,19.39,6.69,0.18,0,0,0,22.74,13.7,79.32,6.87
1174.74,2.39,12.04,41.08,18.3,17.26,23.94,23.73,12.59,3.46,0.57,0.02,0,0,16.24,18.3,77.52,4.05
1185.1,2.41,11.25,38.9,18.62,18.58,25.13,22.77,10.63,3.94,0.21,0,0,0,14.63,18.62,77.1,4.15
1195.45,2.47,11.81,45.89,17.83,18.15,23.82,21.61,13.09,5.01,0.37,0,0,0,13.8,17.83,76.67,5.38
1205.8,2.28,12.6,47.75,18.84,16.7,21.28,22.1,15.64,4.73,0.51,0.08,0,0,18.36,18.84,75.72,5.32
1216.15,1.59,6.09,24.01,33.71,25.26,21.86,12.57,4.91,1.32,0.19,0.03,0,0,5.91,33.71,64.59,1.54
1226.5,2.92,13.06,42.14,14.69,17.23,24.87,25.12,14.22,3.57,0.16,0.01,0,0,16.64,14.69,81.44,3.74
1236.85,2.45,12.11,39.65,17.5,17.38,24.68,24.25,12.75,2.97,0.23,0.14,0,0,16.03,17.5,79.05,3.33
1247.2,1.89,7.87,26.66,25.14,24.37,26.48,16.43,6.47,0.97,0,0,0,0,8.88,25.14,73.74,0.97
1257.55,2.78,9.76,32.81,16.49,23.49,30.06,18.93,6.48,2.04,0.85,1.18,0.35,0,10.14,16.49,78.96,4.41
1267.9,2.07,9.26,30.63,22.84,21.01,25.36,20.92,8.47,1.2,0.06,0.01,0,0,12.71,22.84,75.75,1.27
1278.25,1.94,9.7,35.23,23.53,19.39,23.02,20.99,10.96,1.97,0,0,0,0,14.18,23.53,74.37,1.97
1288.61,2.14,9.81,35.68,21.62,20.46,23.95,20.66,11.19,1.98,0,0,0,0,11.82,21.62,76.26,1.98
1298.96,3.39,10.96,27.13,12.37,21.1,34.79,24.62,6.1,0.69,0.19,0,0,0,12.39,12.37,86.61,0.88
1309.31,1.96,8.86,31,23.9,21.47,25,19.49,8.58,1.42,0,0,0,0,10.94,23.9,74.54,1.42
1319.66,2.47,11.61,35.25,18.15,18.26,24.77,25.21,11.9,1.39,0.19,0.01,0,0,17.21,18.15,80.14,1.59
1330.01,2.24,11.89,36.77,18.81,16.86,24.77,25.06,11.98,2.17,0.23,0,0,0,16.65,18.81,78.66,2.4
1340.36,2.05,8.92,27.55,22.35,22.22,28.07,19.51,6.58,1.11,0.02,0,0,0,11.01,22.35,76.38,1.13
1350.71,2.47,10.25,36.54,18.48,21.1,26.24,20.67,10.42,2.9,0.05,0,0,0,11.04,18.48,78.43,2.95
1361.06,1.82,8.86,41.44,25.6,20.29,21.33,17.3,10.8,4.18,0.37,0,0,0,8.97,25.6,69.73,4.54
1371.41,3.41,13.16,41.84,11.92,16.9,28.61,25.61,12.44,4.13,0.26,0,0,0,14.15,11.92,83.57,4.39
1381.76,2.52,14.48,46.17,16.7,14.75,21.11,25.76,17.02,4.31,0.22,0,0,0,21.45,16.7,78.64,4.54
1392.12,2.7,14.61,45.8,15.73,15,21.57,26.27,16.81,4.23,0.28,0.01,0,0,21.15,15.73,79.64,4.51
1402.47,2.68,13.85,44.96,16.26,15.76,22.24,25.56,15.47,4.04,0.54,0.02,0,0,19.68,16.26,79.02,4.6
1412.82,2.27,12.7,44.74,18.62,15.91,22.83,23.86,13.51,4.44,0.71,0,0,0,17.22,18.62,76.11,5.14
1423.17,2.61,13.14,44.36,16.54,16.59,22.92,24.31,15.31,4.08,0.12,0,0,0,18.26,16.54,79.13,4.21
1433.52,2.41,13.52,49.74,17.52,15.79,21.42,23.11,16,5.6,0.45,0,0,0,18.93,17.52,76.32,6.04
1443.87,2.5,12.93,45.83,16.68,16.35,23.84,23.71,14.1,4.7,0.51,0,0,0,16.01,16.68,77.99,5.21
1454.22,2.35,11,42.52,18.84,19.06,24.75,21,11.12,3.89,0.6,0.44,0.17,0,12.67,18.84,75.93,5.11
1464.57,2.55,15.23,55.88,15.94,14.43,20.33,23.18,18.2,7.13,0.68,0,0,0,21.71,15.94,76.14,7.82
1474.92,2.3,12.74,47.32,18.85,16.52,21.09,22.45,15.85,4.84,0.27,0,0,0,19.41,18.85,75.92,5.11
1485.27,2.3,14.63,57.19,17.88,14.78,19.19,21.78,18.02,7.56,0.68,0,0,0,22.91,17.88,73.77,8.24
1495.63,1.67,7.23,30.18,30.09,22.28,21.79,16.15,7.1,1.91,0.51,0.02,0,0,7.02,30.09,67.32,2.45
1505.98,1.6,6.73,29.21,31.83,23.07,21.61,14.23,6.33,2.17,0.63,0,0,0,6.66,31.83,65.23,2.8
1516.33,1.72,7.85,35.92,28.49,21.19,21.26,16.4,8.88,2.89,0.71,0.04,0,0,7.95,28.49,67.73,3.64
1526.68,1.45,5.41,20.39,37.54,25.97,20.94,10.74,3.37,0.95,0.34,0,0,0,5.18,37.54,61.02,1.29
1537.03,,,,,,,,,,,,,,,,,
1547.38,,,,,,,,,,,,,,,,,
1557.73,,,,,,,,,,,,,,,,,
1568.08,,,,,,,,,,,,,,,,,
1578.43,,,,,,,,,,,,,,,,,
1588.78,,,,,,,,,,,,,,,,,
1599.14,,,,,,,,,,,,,,,,,
1609.49,,,,,,,,,,,,,,,,,
1619.84,,,,,,,,,,,,,,,,,
1630.19,,,,,,,,,,,,,,,,,
1640.54,,,,,,,,,,,,,,,,,
1650.89,,,,,,,,,,,,,,,,,
1661.24,,,,,,,,,,,,,,,,,
1671.59,,,,,,,,,,,,,,,,,
1681.94,,,,,,,,,,,,,,,,,
1692.29,,,,,,,,,,,,,,,,,
1702.65,2.69,13.25,39.65,16.12,16.31,23.8,26.63,14.36,2.46,0.21,0,0,0,18.97,16.12,81.09,2.66
1713,2.46,11.07,33.42,18.72,19,25.63,24.63,10.09,1.42,0.36,0.01,0,0,16.05,18.72,79.35,1.79
1723.35,1.64,7.02,23.88,29.81,24.02,25.08,15.2,4.73,0.88,0.13,0,0,0,8.73,29.81,69.03,1.01
1733.7,1.81,8.24,30.95,26.54,21.52,23.13,18.69,8.56,1.26,0.13,0.02,0,0,9.91,26.54,71.91,1.41
1744.05,1.94,9.97,38.09,23.58,18.85,21.79,20.83,12.11,2.57,0.15,0,0,0,15.56,23.58,73.58,2.72
1754.4,1.82,8.55,29.84,24.99,21.61,25.08,18.92,7.67,1.52,0.07,0,0,0,10.84,24.99,73.28,1.59
1764.75,1.83,7.68,27.61,26.84,23.61,24.93,16.41,6.23,1.57,0.27,0,0,0,8.86,26.84,71.18,1.83
1775.1,2.71,14.58,52.06,15.32,15.1,21.87,24.37,16.27,5.82,0.83,0.29,0.01,0,19.45,15.32,77.62,6.95
1785.45,2.9,18.64,71.99,13.78,12.18,18.16,23.27,19.69,9.95,2.15,0.7,0.04,0,24.06,13.78,73.29,12.83
1795.8,2.58,14.86,49.9,16.04,14.64,20.89,24.75,17.76,5.32,0.35,0.13,0,0,21.85,16.04,78.05,5.8
1806.16,2.33,12.82,43.22,17.76,16.14,23.08,24.17,14.82,3.56,0.34,0.03,0,0,17.64,17.76,78.2,3.92
1816.51,2.18,10.15,32.91,19.83,19.96,27.56,21.33,8.62,2.32,0.24,0,0,0,12.23,19.83,77.47,2.57
1826.86,1.99,9.93,34.81,22.04,19.51,24.88,21,9.81,2.29,0.33,0.01,0,0,12.8,22.04,75.2,2.63
1837.21,1.81,7.85,28.73,26.36,23.28,24.51,17.09,7.14,1.27,0.2,0.01,0,0,8.56,26.36,72.02,1.48
1847.56,1.98,8.32,26.14,24.04,23.31,27.45,18.2,5.83,1,0.02,0,0,0,10.28,24.04,74.79,1.02
1857.91,2.11,8.1,25.84,23.24,25.04,27.72,17.05,5.85,0.9,0.05,0,0,0,9.01,23.24,75.67,0.94
1868.26,2.11,10.87,34.92,19.92,18.3,25.6,23.24,10.68,2.07,0.06,0,0,0,14.42,19.92,77.82,2.13
1878.61,2.62,13.23,39.79,15.81,15.81,24.95,26.61,13.5,2.75,0.35,0.11,0,0,17.54,15.81,80.87,3.21
1888.96,2.6,13.61,48.36,16.34,16.04,22.33,23.84,15.61,4.98,0.69,0.05,0,0,18.41,16.34,77.82,5.72
1899.31,2.19,9.51,37.07,20.88,21.58,25.68,18.58,9.15,3.24,0.73,0.02,0,0,10.13,20.88,75,3.99
1909.67,2.13,7.22,28.67,24.6,28.69,25.21,12.33,6.17,2.37,0.47,0,0,0,6.94,24.6,72.4,2.84
1920.02,1.61,7.45,27.02,28.89,22.65,24.3,16.35,6.11,1.34,0.22,0,0,0,9.23,28.89,69.41,1.55
1930.37,1.89,8.67,29.86,25.55,20.82,24.19,20.08,7.76,1.26,0.19,0,0,0,13.15,25.55,72.86,1.45
1940.72,1.64,7.21,23.18,29.44,23.34,25.72,16.6,4.22,0.49,0.06,0,0,0,10,29.44,69.87,0.54
1951.07,1.79,7.7,23.06,27.27,23.09,27.25,17.92,3.95,0.34,0.04,0,0,0,11,27.27,72.2,0.38
1961.42,2.6,9.26,42.36,17.7,24.38,29.98,15.33,4.45,3.1,1.8,2.27,0.85,0,9.48,17.7,74.13,8.02
1971.77,1.95,7.86,26.6,25.96,23.64,25.31,17.82,6.04,0.89,0.19,0,0,0,9.4,25.96,72.81,1.08
1982.12,1.88,8.25,31.51,26.35,21.66,23.01,18.52,8.48,1.63,0.2,0.01,0,0,10.09,26.35,71.67,1.84
1992.47,1.65,7.77,25.34,27.95,22.09,25.91,17.59,5.33,0.86,0.12,0,0,0,10.69,27.95,70.92,0.98
2002.82,1.78,8.29,27.64,26.08,21.64,25.3,19.17,6.91,0.76,0,0,0,0,11.31,26.08,73.02,0.76
2013.18,1.87,8.15,27.61,25.81,22.47,25.17,18.74,6.97,0.7,0,0,0,0,10.28,25.81,73.35,0.7
2023.53,1.72,6.72,21.39,29.65,26.26,25.8,14.02,3.74,0.38,0,0,0,0,7.8,29.65,69.81,0.38
2033.88,1.62,6.98,28.8,31.1,22.47,21.82,15.71,6.66,1.4,0.62,0.08,0,0,7.08,31.1,66.65,2.1
2044.23,1.55,7.91,32.93,29.46,20,21.53,17.75,8.44,2.13,0.53,0.03,0,0,11.36,29.46,67.71,2.69
2054.58,2.6,14.82,54.52,16.1,14.81,20.72,23.51,17.22,6.56,0.94,0.03,0,0,20.44,16.1,76.26,7.53
2064.93,1.77,9.21,37.93,25.82,19.12,21.17,19.4,11.41,2.87,0.08,0,0,0,13.72,25.82,71.1,2.95
2075.28,1.84,8.55,30.72,25.34,21.38,24.09,19.24,8.51,1.25,0.05,0,0,0,10.73,25.34,73.22,1.3
2085.63,1.13,4.68,26.03,43.85,21.64,16.28,10.15,5.29,2.09,0.56,0,0,0,3.69,43.85,53.37,2.65
2095.98,1.57,7.64,30.18,29.14,21.47,23.3,16.41,7.17,2,0.39,0,0,0,9.62,29.14,68.34,2.38
2106.33,1.68,7.44,24.06,28.21,23.47,26.09,16.65,4.95,0.44,0.06,0,0,0,9.53,28.21,71.15,0.5
2116.69,1.7,7.27,27.21,28.59,23.87,24.03,15.49,6.28,1.36,0.22,0,0,0,8.01,28.59,69.69,1.58
2127.04,1.22,4.7,19.67,43.22,23.85,18.37,10.35,3.43,0.57,0.07,0,0,0,4.05,43.22,56,0.63
2137.39,1.47,4.54,13.1,42.82,31.03,19.33,5.92,0.72,0,0,0,0,0,4.64,42.82,57,0
2147.74,1.77,7.3,31.85,28.9,23.26,21.76,15.48,7.74,2.16,0.52,0.02,0,0,6.54,28.9,68.25,2.7
2158.09,1.54,7.08,28.8,31.44,21.55,21.7,16.51,6.93,1.24,0.5,0,0,0,8.22,31.44,66.68,1.74
2168.44,1.79,9.43,35.56,24.63,19.16,23.06,20.13,10.11,2.23,0.52,0.03,0,0,13.09,24.63,72.46,2.78
2178.79,1.64,8.09,32.61,28.11,20.61,22.25,17.93,8.57,1.93,0.44,0.02,0,0,10.32,28.11,69.36,2.39
2189.14,1.96,9.96,33.96,23.03,19.05,23.21,22.32,10.85,1.23,0.17,0.02,0,0,16.1,23.03,75.42,1.42
2199.49,1.94,10.66,41.27,22.49,17.99,21.49,21.03,13.42,3.3,0.14,0.02,0,0,16.13,22.49,73.93,3.45
2209.84,1.66,8.2,31.57,27.78,20.52,22.46,18.73,8.7,1.42,0.24,0.01,0,0,11.04,27.78,70.41,1.68
2220.2,1.59,8.41,31.98,27.36,20.12,22.9,18.86,8.85,1.54,0.24,0.01,0,0,11.42,27.36,70.73,1.78
2230.55,1.51,7.17,29.51,31.02,21.63,21.81,16.29,7.5,1.4,0.21,0,0,0,8.11,31.02,67.23,1.61
2240.9,2.29,9.01,28.7,21.02,23.09,27.73,19.54,7.35,1.07,0.05,0,0,0,10.41,21.02,77.71,1.12
2251.25,2.63,10.86,34.59,17.17,20.23,26.81,23.04,10.84,1.73,0.05,0,0,0,12.82,17.17,80.91,1.78
2261.6,2.58,12.95,35.14,16.11,15.78,26.03,28.32,12.24,1.26,0.14,0.01,0,0,17.67,16.11,82.37,1.41
,,,,,,,,,,,,,,,,,
,,,,,,,,,,,,,,,,,
,,,,,,,,,,,,,,,,,
,,,,,,,,,,,,,,,,,
,,,,,,,,,,,,,,,,,
,,,,,,,,,,,,,,,,,
,,,,,,,,,,,,,,,,,
,,,,,,,,,,,,,,,,,
,,,,,,,,,,,,,,,,,
,,,,,,,,,,,,,,,,,
,,,,,,,,,,,,,,,,,
,,,,,,,,,,,,,,,,,
,,,,,,,,,,,,,,,,,
,,,,,,,,,,,,,,,,,
,,,,,,,,,,,,,,,,,
,,,,,,,,,,,,,,,,,
,,,,,,,,,,,,,,,,,
,,,,,,,,,,,,,,,,,
,,,,,,,,,,,,,,,,,
,,,,,,,,,,,,,,,,,
,,,,,,,,,,,,,,,,,
,,,,,,,,,,,,,,,,,
,,,,,,,,,,,,,,,,,
,,,,,,,,,,,,,,,,,
,,,,,,,,,,,,,,,,,
,,,,,,,,,,,,,,,,,
2541.08,1.9,7.52,24.11,25.93,25.47,26.95,15.62,4.8,0.85,0.22,0,0,0,8.55,25.93,72.85,1.07
2551.43,1.65,7.95,33.85,27.97,21.31,22.49,16.57,8.85,2.59,0.09,0,0,0,9.04,27.97,69.21,2.68
2561.78,1.63,7.65,33,29.09,21.45,22.09,16.17,8.3,2.43,0.33,0,0,0,8.7,29.09,68.02,2.75
2572.13,2.4,13.2,45.25,17.03,15.67,23.45,24.47,14.19,4.23,0.81,0.04,0,0,17.16,17.03,77.78,5.07
2582.48,1.72,9.87,45.12,24.13,18.56,21.35,18.52,11.75,4.47,1.1,0,0,0,11.24,24.13,70.18,5.57
2592.83,2.62,17.29,68.06,14.95,12.49,19.07,23.43,18.41,8.95,2.6,0,0,0,22.21,14.95,73.39,11.56
2603.18,1.57,7.63,31.46,29.1,21.53,22.51,16.47,7.6,2.23,0.42,0,0,0,8.94,29.1,68.11,2.65
2613.53,1.53,6.47,24.99,32.64,23.82,22.54,14.19,5.27,1.14,0.25,0,0,0,7,32.64,65.82,1.39
2623.88,1.59,6.45,24.11,32.21,24.62,22.95,13.9,4.92,1.02,0.22,0,0,0,6.82,32.21,66.39,1.25
2634.24,1.34,5.6,26.46,37.89,22.51,18.95,12.84,5.99,1.51,0.17,0,0,0,4.41,37.89,60.29,1.68
2644.59,1.56,5.43,18.22,36.07,28.98,21.72,9.45,2.83,0.61,0.17,0,0,0,5.53,36.07,62.98,0.78
2654.94,1.96,7.98,24.05,24.24,24.69,28.61,16.53,4.39,1.09,0.31,0,0,0,9.55,24.24,74.22,1.4
2665.29,1.76,9.24,33.06,24.15,19.81,25.19,19.51,8.4,2.34,0.45,0.02,0,0,11.91,24.15,72.92,2.8
2675.64,1.54,8.19,27.23,27.45,20.73,25.35,18.89,6.57,0.88,0,0,0,0,11.64,27.45,71.54,0.88
2685.99,1.53,7.41,28.51,29,22.72,23.62,15.92,6.72,1.6,0.28,0,0,0,8.48,29,68.97,1.88
2696.34,1.72,9.14,34.83,24.65,19.89,23.91,19.17,9.29,2.52,0.42,0.02,0,0,11.53,24.65,72.26,2.96
2706.69,1.52,6.03,27.49,34.91,23.53,19.84,13.38,6.3,1.59,0.29,0,0,0,4.78,34.91,63.06,1.88
,,,,,,,,,,,,,,,,,
2727.39,1.52,4.8,15.75,40.48,30.22,18.97,7.13,2.3,0.73,0.01,0,0,0,4.67,40.48,58.61,0.74
2737.75,1.94,6.65,18.69,27.65,29.68,27.87,11.56,2.37,0.6,0.1,0,0,0,7.5,27.65,71.48,0.7
2748.1,1.6,8,34.39,28.04,21.04,22.12,16.82,9.02,2.66,0.17,0,0,0,8.9,28.04,69,2.83
2758.45,1.7,8.26,39.73,27.04,20.99,21.4,16.16,10.03,3.86,0.38,0,0,0,8.15,27.04,68.58,4.25
2768.8,1.65,8.16,38.23,27.4,21,21.88,16.09,9.49,3.74,0.26,0,0,0,8.63,27.4,68.47,3.99
2779.15,1.76,8.39,40.81,26.63,20.94,20.9,16.47,10.47,4.09,0.36,0,0,0,7.56,26.63,68.79,4.45
2789.5,2.07,9,42.51,22.28,22.27,24.76,16.18,8.1,3.61,0.89,1.21,0.56,0,9.09,22.28,71.31,6.27
2799.85,1.58,8.09,36.92,28.49,20.28,21.08,16.85,9.77,3.21,0.19,0,0,0,8.79,28.49,67.98,3.4
2810.2,1.55,8.01,35.92,28.8,20.27,21.16,16.92,9.72,2.89,0.11,0,0,0,8.94,28.8,68.07,3
2820.55,1.59,8.79,33.9,26.84,19.32,22.4,19.47,9.4,2.14,0.26,0.05,0,0,13.03,26.84,70.58,2.45
2830.9,1.45,6.66,28.4,32.79,22.28,21.29,14.91,6.63,1.71,0.25,0,0,0,6.85,32.79,65.11,1.96
2841.26,1.44,6.08,25.44,34.93,23.38,21,13.49,5.35,1.41,0.3,0,0,0,5.77,34.93,63.22,1.71
2851.61,1.12,4.34,19.48,46.07,23.23,16.8,9.23,3.56,0.88,0.09,0,0,0,3.68,46.07,52.82,0.97
2861.96,0.99,2.89,9.92,63.41,22.05,9.7,3.87,0.83,0,0,0,0,0,2.7,63.41,36.44,0
2872.31,1.19,4.48,22.11,44.63,24.53,15.84,8.35,4.69,1.72,0.09,0,0,0,3.96,44.63,53.41,1.81
2882.66,1.83,8.51,31.7,25.36,21.53,24.01,18.53,8.34,1.83,0.24,0.02,0,0,10.32,25.36,72.42,2.09
2893.01,1.49,6.68,25.18,31.65,23.84,23.27,14.28,5.38,1.31,0.13,0,0,0,7.66,31.65,66.77,1.43
2903.36,1.49,7.14,26.51,30.52,22.42,23.2,16.56,6.2,0.92,0.04,0,0,0,8.77,30.52,68.37,0.97
2913.71,1.72,8.76,35.85,26.02,20.18,22.27,18.53,9.91,2.63,0.34,0,0,0,10.68,26.02,70.87,2.97
2924.06,2.1,10.3,36.13,21.09,19.29,24.66,21.53,10.32,2.58,0.39,0,0,0,13.59,21.09,75.8,2.98
2934.41,2.1,9.93,35.63,21.94,19.87,24.01,21.02,10.49,2.44,0.09,0,0,0,13.41,21.94,75.39,2.53
2944.77,1.87,7.91,25.91,25.74,23.61,26.39,17.27,5.47,1.16,0.22,0,0,0,9.73,25.74,72.73,1.38
2955.12,1.75,7.38,24.06,27.77,24.23,26.04,16.11,4.71,0.9,0.09,0,0,0,9.21,27.77,71.08,1
2965.47,1.75,7.94,28.32,27.21,22.03,25.44,16.56,5.38,1.68,0.46,0.8,0.3,0,10.52,27.21,69.41,3.24
2975.82,1.91,8.89,28.65,24.27,20.96,25.98,20.24,6.84,1.27,0.3,0,0,0,12.61,24.27,74.02,1.57
2986.17,2.49,10.1,29.21,18.14,21.03,30.03,21.86,6.97,1.56,0.27,0,0,0,12.21,18.14,79.89,1.83
2996.52,1.17,7.46,37.28,33.02,18.1,18.97,16.38,10.04,3.15,0.21,0,0,0,10.43,33.02,63.49,3.37
3006.87,1.69,7.93,34.9,27.57,21.76,22.45,16.14,8.5,2.98,0.47,0,0,0,8.44,27.57,68.84,3.45
3017.22,1.46,7.48,30.32,30.15,21.09,22.32,16.7,7.56,1.77,0.26,0.02,0,0,9.3,30.15,67.66,2.05
3027.57,1.46,7.78,37.64,31.07,18.91,19.31,17.02,9.66,3.07,0.49,0.32,0.02,0,12.02,31.07,64.91,3.9
3037.92,2.02,8.87,31.67,22.75,22.34,25.46,18.88,8.54,1.66,0.22,0,0,0,9.55,22.75,75.23,1.88
3048.28,1.66,10.76,45.17,24.78,16.38,19.82,20.44,13.32,4.34,0.79,0,0,0,17.84,24.78,69.97,5.13
3058.63,1.45,7.65,34.95,30.64,19.83,20.54,16.73,8.96,2.76,0.4,0.02,0,0,9.68,30.64,66.05,3.18
3068.98,1.56,6.96,30.32,31.44,22.16,21.26,15.37,7.34,2.13,0.17,0,0,0,6.73,31.44,66.12,2.29
3079.33,1.47,6.85,29.66,32.18,21.92,21.34,15.13,7.08,2.06,0.14,0,0,0,7.31,32.18,65.48,2.2
3089.68,1.29,4.89,18.29,41.41,25.46,19.8,9.85,2.74,0.58,0.01,0,0,0,4.57,41.41,57.84,0.59
3100.03,1.45,7.2,40.35,32.19,19.99,18.93,14.74,8.81,3.88,0.79,0.44,0.1,0,5.73,32.19,62.47,5.21
3110.38,1.43,5.22,23.71,39.03,24.77,18.53,10.85,4.67,1.73,0.26,0,0,0,4.27,39.03,58.83,1.99
3120.73,1.64,7.43,32.84,29.31,22.18,21.67,15.73,8.32,2.5,0.16,0,0,0,7.34,29.31,67.9,2.65
3131.08,1.66,8.33,32.64,27.12,20.63,22.9,18.22,8.85,2.09,0.05,0,0,0,10.62,27.12,70.61,2.14
3141.43,1.91,9.41,37.75,23.95,19.89,22.67,19.33,10.76,2.94,0.34,0,0,0,11.63,23.95,72.65,3.27
3151.79,1.69,8.38,37.59,27.38,20.26,21.51,17.32,9.13,2.98,1.05,0.22,0,0,9.88,27.38,68.23,4.26
3162.14,1.67,7.49,29.02,28.49,22.81,23.66,15.96,6.39,1.84,0.6,0.11,0,0,8.62,28.49,68.82,2.55
3172.49,1.79,7.47,30.42,28.01,23.4,22.67,16.1,7.67,1.85,0.15,0,0,0,7.14,28.01,69.84,2
3182.84,2.15,8.86,26.58,22.15,22.65,28.4,19.64,5.8,0.96,0.24,0,0,0,11.24,22.15,76.49,1.21
3193.19,1.94,8.69,28.01,23.88,21.91,27.03,18.91,6.46,1.5,0.18,0,0,0,11.17,23.88,74.31,1.67
3203.54,1.79,7.55,27.5,27.98,23.08,24.15,16.71,6.21,1.42,0.3,0,0,0,9.11,27.98,70.15,1.72
3213.89,2,8.63,27.4,23.68,22.35,26.99,19.22,6.26,1.11,0.26,0,0,0,11.13,23.68,74.82,1.36
3224.24,1.7,7.51,32.11,28.25,22.93,22.38,15.7,8.24,2.14,0.22,0,0,0,7.42,28.25,69.25,2.36
3234.59,1.56,7.67,35.6,29.59,20.83,20.66,16.3,9.3,2.74,0.45,0,0,0,7.51,29.59,67.09,3.19
3244.94,1.7,10.79,59.38,24.5,16.65,19.05,17.88,12.5,6.17,2.01,1.02,0.12,0,13.98,24.5,66.07,9.32
3255.3,1.68,7.4,34.89,29.69,21.91,20.65,15.63,8.51,2.83,0.58,0.05,0,0,6.14,29.69,66.71,3.46
3265.65,1.92,14.62,182.04,22.98,14.87,13.2,11.12,10.12,10.77,11.96,4.86,0.01,0,4.98,22.98,49.31,27.6
3276,1.6,10.14,66.85,26.97,16.72,16.57,17.02,11.9,5.12,2.93,2.25,0.41,0,20.81,26.97,62.21,10.7
3286.35,1.59,7.63,32.69,29.44,21.14,21.54,16.8,8.42,2.38,0.15,0,0,0,8.44,29.44,67.89,2.53
3296.7,1.52,8.83,84.75,29.33,17.52,16.18,13.36,10.18,6.64,3.93,2.49,0.27,0,5.16,29.33,57.23,13.32
3307.05,1.64,11.78,120.14,24.5,15.5,16.53,14.31,10.84,8.65,6.49,2.89,0.16,0,10.28,24.5,57.19,18.2
3317.4,1.66,9.56,59.12,25.73,18.29,19.87,16.12,10.53,5.67,1.93,1.43,0.33,0,10.04,25.73,64.8,9.35
3327.75,1.46,7.69,39.89,30.42,19.89,20.13,15.45,9.17,3.94,0.59,0.25,0.03,0,8.48,30.42,64.64,4.81
3338.1,1.7,11.03,60.5,23.44,16.67,19.9,17.78,12.55,6.51,1.73,1.12,0.18,0,12.56,23.44,66.9,9.55
3348.45,1.65,11.38,85.87,24.67,16.08,16.59,14.74,12.82,9.67,4.02,1.14,0.17,0,8.56,24.67,60.23,14.99
3358.81,1.33,7.28,30.06,31.68,20.42,21.98,16.32,7.42,1.96,0.09,0,0,0,9.79,31.68,66.13,2.05
3369.16,1.35,6.31,26.39,34.33,22.61,21.37,14.02,5.89,1.56,0.09,0,0,0,6.88,34.33,63.88,1.65
3379.51,1.39,6.99,30.43,32.14,21.27,21.39,15.37,7.39,2.16,0.15,0,0,0,8.14,32.14,65.41,2.31
3389.86,1.55,7.89,33.61,28.63,20.89,22.11,16.81,8.62,2.65,0.15,0,0,0,9.27,28.63,68.43,2.8
3400.21,1.72,7.59,28.73,27.82,23.03,24.04,16.21,6.51,2.04,0.21,0,0,0,8.74,27.82,69.79,2.25
3410.56,1.43,7.46,29.65,30.29,21.06,22.81,16.46,7.21,1.92,0.11,0,0,0,9.65,30.29,67.54,2.03
3420.91,1.48,7.34,32.65,30.36,21.51,21.65,15.51,7.92,2.72,0.19,0,0,0,8.07,30.36,66.59,2.91
3431.26,1.55,7.2,30.64,30.3,22.28,22.06,15.41,7.24,2.33,0.23,0,0,0,7.72,30.3,66.99,2.57
3441.61,1.48,6.84,29.25,31.97,22.27,21.59,14.95,6.89,2.08,0.12,0,0,0,7.29,31.97,65.69,2.19
3451.96,1.55,7.16,30.36,30.22,22.62,22.36,14.99,7.17,2.37,0.14,0,0,0,7.74,30.22,67.13,2.51
3462.32,1.41,6.88,31.66,32.36,21.56,20.81,14.81,7.63,2.51,0.2,0,0,0,7.15,32.36,64.8,2.71
3472.67,1.36,5.85,23.77,35.86,24.12,21.18,12.35,4.84,1.4,0.1,0,0,0,5.98,35.86,62.49,1.5
3483.02,1.31,5.45,22.14,37.88,24.79,20.34,11.25,4.35,1.2,0.05,0,0,0,5.36,37.88,60.73,1.25
3493.37,1.23,5.02,21.74,40.83,24.17,18.77,10.51,4.24,1.25,0.08,0,0,0,4.46,40.83,57.69,1.34
3503.72,1.27,5.78,25.61,36.93,22.9,20.11,12.59,5.56,1.68,0.1,0,0,0,5.57,36.93,61.16,1.77
3514.07,0.98,3.26,13.6,57.06,22.11,12.53,5.64,2.03,0.49,0,0,0,0,2.88,57.06,42.31,0.49
3524.42,0.99,3.93,22.25,49.67,21.35,14,8.31,4.65,1.86,0.03,0,0,0,3.27,49.67,48.31,1.89
3534.77,1.51,7.65,33.86,29.76,20.75,21.54,16.28,8.71,2.65,0.18,0,0,0,8.79,29.76,67.28,2.82
3545.12,1.39,7.67,47.06,31.28,19.11,18.37,14.37,10.46,5.2,0.7,0.26,0.13,0,6.94,31.28,62.31,6.29
3555.47,1.61,15.24,85.61,23.16,12.45,14.84,16.83,16.86,10.36,3.42,1.64,0.35,0,32.12,23.16,60.98,15.76
3565.83,1.34,8.71,49.39,29.61,17.26,19.18,15.87,11.25,5.93,0.79,0,0,0,10.71,29.61,63.56,6.72
3576.18,0.99,5.14,33.54,42.22,18.89,16.34,11.44,7,3.5,0.48,0,0,0,3.79,42.22,53.67,3.98
3586.53,1.3,6.66,28.59,33.8,21.12,21.29,14.94,6.62,1.95,0.15,0,0,0,8.36,33.8,63.96,2.1
3596.88,1.8,13.43,73.17,21.59,14.81,17.3,16.93,16.15,10.4,1.98,0.53,0.22,0,13.06,21.59,65.18,13.13
3607.23,1.52,8.58,41.88,27.75,19.27,20.57,16.76,10.94,4.25,0.32,0,0,0,9.28,27.75,67.54,4.58
3617.58,1.54,9.13,48.27,26.94,18.38,20.13,16.71,11.11,5.01,0.76,0.7,0.16,0,10.09,26.94,66.32,6.62
3627.93,1.37,7.99,51.55,30.45,18.77,18.58,14.36,10.06,5.28,1.78,0.61,0,0,7.73,30.45,61.76,7.67
3638.28,1.07,5.71,38.4,38.95,19.8,17.04,11.55,6.95,3.53,0.9,0.85,0.31,0,4.92,38.95,55.34,5.59
3648.63,1.03,5.09,31.49,41.82,20.55,16.66,10.65,6.74,3.21,0.23,0,0,0,4.43,41.82,54.6,3.45
3658.98,0.85,3.75,35.52,51.1,17.4,12.15,8.01,5.47,2.98,0.65,1.8,0.32,0,2.64,51.1,43.03,5.75
3669.34,1.27,9.33,52.42,28.79,16.37,18.78,16.73,11.56,5.6,0.99,0.64,0.42,0,12.29,28.79,63.44,7.65
3679.69,1.41,9.48,52.28,27.22,17.22,19.68,16.89,11.17,5.46,0.94,0.83,0.48,0,11.56,27.22,64.95,7.71
3690.04,1.49,9.35,48.67,26.86,17.82,20.22,17.23,10.82,4.7,0.79,0.95,0.49,0,11.38,26.86,66.09,6.93
3700.39,1.23,8.7,44.13,30.81,16.31,18.52,17.38,11.73,4.37,0.46,0.21,0.1,0,14.1,30.81,63.94,5.14
3710.74,1.5,6.43,24.64,32.76,24.08,22.88,13.42,5.07,1.51,0.14,0,0,0,7.34,32.76,65.44,1.65
3721.09,1.56,6.84,26.36,30.93,23.78,23.81,13.46,5.13,2.19,0.44,0.12,0,0,8.23,30.93,66.17,2.75
3731.44,1.25,4.62,18.52,43.47,25.09,18.31,8.53,2.89,1.19,0.37,0,0,0,4.2,43.47,54.83,1.56
3741.79,1.21,3.92,13.11,49.73,26.63,16.51,5.68,0.96,0.33,0,0,0,0,3.61,49.73,49.78,0.33
3752.14,1.58,4.53,11.77,42.21,33.9,19.15,4.35,0.19,0,0,0,0,0,4.71,42.21,57.6,0
3762.49,1.73,5.47,14.84,34.41,32.24,24.34,8.08,0.75,0,0,0,0,0,5.9,34.41,65.4,0
3772.85,1.33,6.28,30.38,35.04,21.65,19.87,13.59,6.86,2.29,0.41,0.12,0.02,0,6.13,35.04,61.97,2.84
,,,,,,,,,,,,,,,,,
,,,,,,,,,,,,,,,,,
,,,,,,,,,,,,,,,,,
,,,,,,,,,,,,,,,,,
,,,,,,,,,,,,,,,,,
,,,,,,,,,,,,,,,,,
,,,,,,,,,,,,,,,,,
,,,,,,,,,,,,,,,,,
,,,,,,,,,,,,,,,,,
,,,,,,,,,,,,,,,,,
,,,,,,,,,,,,,,,,,
,,,,,,,,,,,,,,,,,
,,,,,,,,,,,,,,,,,
,,,,,,,,,,,,,,,,,
,,,,,,,,,,,,,,,,,
,,,,,,,,,,,,,,,,,
,,,,,,,,,,,,,,,,,
3959.16,1.42,5.57,22.95,36.52,25.66,20.23,11.46,4.72,1.23,0.04,0,0,0,5.14,36.52,62.07,1.26
3969.51,1.43,6.68,41.36,33.37,21.19,18.9,13.04,6.42,2.04,0.13,1.91,2.8,0.07,5.26,33.37,59.54,6.96
,,,,,,,,,,,,,,,,,
3990.22,1.77,7.09,24.12,28.77,24.78,25.36,14.78,4.68,1.34,0.14,0,0,0,8.47,28.77,69.59,1.48
4000.57,1.72,7.7,34.62,27.67,22.67,22.3,15.45,8.34,2.96,0.4,0.07,0,0,7.54,27.67,68.76,3.43
,,,,,,,,,,,,,,,,,
,,,,,,,,,,,,,,,,,
4031.62,1.42,7.03,32.53,31.65,21.6,21.19,14.68,7.68,2.78,0.28,0,0,0,7.65,31.65,65.15,3.06
,,,,,,,,,,,,,,,,,
,,,,,,,,,,,,,,,,,
4062.67,1.6,7.97,37.43,28.63,20.58,21.09,16.29,9.66,3.4,0.21,0,0,0,8.47,28.63,67.62,3.62
4073.02,1.4,7.06,33.05,32.17,20.84,20.76,15.08,7.96,2.82,0.24,0,0,0,7.98,32.17,64.64,3.06
4083.38,1.06,4.54,24.79,45.1,20.67,16.24,10.67,5.24,1.82,0.13,0,0,0,3.4,45.1,52.82,1.95
4093.73,1.37,8.08,38.29,29.49,19.31,21.14,16.37,9.44,3.72,0.39,0,0,0,9.93,29.49,66.27,4.12
4104.08,1.36,7.98,36.56,29.54,19.62,21.73,16.28,8.86,3.47,0.38,0,0,0,9.93,29.54,66.48,3.85
4114.43,1.62,7.69,30.77,28.67,21.69,23.22,16.41,7.39,2.29,0.2,0,0,0,9.41,28.67,68.7,2.49
4124.78,1.77,10.14,35.09,23.66,17.91,23.45,22.02,10.47,2.22,0.15,0,0,0,15.27,23.66,73.85,2.36
4135.13,1.61,8.04,37.35,28.43,20.51,21.28,16.49,9.25,3.57,0.34,0,0,0,8.93,28.43,67.53,3.9
4145.48,1.41,7.81,57.6,30.36,19.51,18.7,13.64,8.41,4.42,2.16,2.03,0.65,0,7.02,30.36,60.26,9.26
4155.83,1.55,7.34,31.59,29.63,22.36,22.45,15.14,6.9,2.24,0.3,0.63,0.22,0,7.99,29.63,66.85,3.38
4166.18,1.48,9.24,42.51,27.6,17.61,19.82,18.49,11.64,3.91,0.66,0.15,0,0,14.31,27.6,67.56,4.71
4176.53,1.5,7.57,37.34,30.65,20.12,19.73,16.12,9.44,3.22,0.55,0.05,0,0,6.68,30.65,65.41,3.81
4186.89,1.1,4.01,14.96,48.72,25.63,16.18,7.01,1.98,0.32,0,0,0,0,3.8,48.72,50.8,0.32
4197.24,1.16,4.4,17.02,45.23,25.43,17.66,8.41,2.57,0.55,0,0,0,0,4.11,45.23,54.06,0.55
4207.59,1.34,8.37,34.21,30.03,17.89,20.98,19.03,8.76,1.78,0.33,0.7,0.4,0,14.58,30.03,66.65,3.2
4217.94,1.5,9.74,34.96,26.37,16.96,22.62,21.35,9.34,1.99,0.32,0.6,0.33,0,15.5,26.37,70.26,3.25
4228.29,1.06,6.04,43.24,37.95,18.88,17.1,12.29,6.31,2.75,0.82,1.51,2.13,0.15,4.92,37.95,54.57,7.35
4238.64,1.62,11.35,41.63,23.18,15.58,21.94,22.51,12.08,3.21,0.52,0.58,0.29,0,16.96,23.18,72.11,4.6
4248.99,1.53,10.17,42.59,24.9,16.99,22.02,19.96,10.52,3.68,0.74,0.59,0.48,0,14.19,24.9,69.49,5.49
4259.34,1.56,9.66,41.07,25.54,17.84,21.97,19.27,10.1,3.26,0.77,0.77,0.37,0,13.21,25.54,69.18,5.16
4269.69,1.41,7.7,39.24,30,20.3,20.64,15.31,8.74,3.86,0.59,0.22,0.21,0,8.21,30,64.99,4.88
4280.04,1.33,7.44,38.9,32.12,19.15,19.46,15.47,9.06,3.45,0.47,0.46,0.24,0,8.58,32.12,63.13,4.62
4290.4,1.28,6.45,28.44,34.5,21.46,20.86,14.39,6.52,1.98,0.17,0,0,0,7.45,34.5,63.22,2.15
4300.75,1.08,5.8,61.39,39.23,18.13,14.93,10.56,7.18,4.34,1.45,1.61,2.3,0.16,3.71,39.23,50.8,9.85
4311.1,1.2,6.05,26.46,36.12,22.04,20.57,13.48,5.91,1.65,0.09,0,0,0,6.72,36.12,62,1.74
4321.45,1.47,8.89,56.93,28.62,17.76,18.3,15.3,11.14,6.33,1.27,0.77,0.39,0,9.12,28.62,62.5,8.76
4331.8,1.25,5.6,22.92,37.52,23.93,20.66,11.87,4.69,1.17,0.02,0,0,0,5.92,37.52,61.15,1.19
4342.15,1.04,5.39,40,40.46,19.92,16.7,10.39,5.4,2.8,1.3,1.29,1.51,0.12,4.58,40.46,52.4,7.01
4352.5,1.24,5.83,23.59,36.63,23.22,21.2,12.71,4.77,1.24,0.09,0,0,0,6.58,36.63,61.9,1.33
4362.85,1.21,5.21,20.39,39.62,24.6,20.31,10.77,3.64,0.84,0.07,0,0,0,5.47,39.62,59.33,0.91
4373.2,1.4,6.36,24.11,32.27,25.53,23.1,12.32,5.06,1.48,0.09,0,0,0,6.96,32.27,66.01,1.57
4383.55,1.14,5.18,21.48,40.33,23.4,19.84,11.07,4.08,1.09,0.04,0,0,0,5.52,40.33,58.4,1.13
4393.91,1.07,4.78,19.23,42.91,23.7,19.21,10.11,3.3,0.64,0,0,0,0,5.08,42.91,56.31,0.64
4404.26,1.48,11.41,50.47,25.29,14.86,18.7,20.02,14.46,5.64,0.6,0.22,0.09,0,18.94,25.29,68.04,6.55
4414.61,1.46,10.41,46.57,26.78,15.59,19.35,19.83,12.31,4.41,0.81,0.67,0.14,0,17.23,26.78,67.07,6.03
4424.96,1.39,7.91,38.26,30.98,18.53,19.58,16.96,9.82,3.29,0.68,0.04,0,0,11.7,30.98,64.89,4.01
4435.31,1.71,9.85,37.28,24.4,18.03,23.55,20.29,10.03,3.28,0.3,0,0,0,13.64,24.4,71.9,3.58
4445.66,1.46,7.22,37.9,31.27,21.03,20.05,14.49,8.57,3.68,0.67,0.11,0,0,6.93,31.27,64.14,4.46
4456.01,2.98,20.12,52.88,12.84,8.56,17.59,31.89,22.23,4.61,0.89,1.07,0.24,0,24.84,12.84,80.27,6.8
4466.36,2.33,18.64,60.96,16.79,10.64,16.34,26.32,20.24,5.83,1.45,1.72,0.57,0,25.68,16.79,73.54,9.57
4476.71,3.59,23.7,54.27,10.72,6.46,14.19,33.21,29.14,6.17,0.04,0,0,0,28.8,10.72,82.99,6.21
4487.06,0.82,3.66,21.49,51.78,17.71,14.91,10.08,4.25,1.13,0.02,0,0,0,2.52,51.78,46.96,1.15
4497.42,1.04,3.1,8.34,61.47,26.76,9.9,1.67,0.04,0,0,0,0,0,3.21,61.47,38.37,0
4507.77,1.57,4.82,13.42,39.79,32.4,20.64,6.21,0.77,0,0,0,0,0,5,39.79,60.02,0
4518.12,1.33,5.05,17.83,39.57,27.47,20.31,8.84,2.83,0.81,0.01,0,0,0,5.25,39.57,59.44,0.82
4528.47,1.98,19.3,86.35,17.61,9.9,15.9,21.77,18.44,11.6,3.83,0.74,0.13,0,23.39,17.61,66,16.3
4538.82,1.1,5.32,24.67,39.88,22.32,18.95,11.82,5.33,1.5,0.06,0,0,0,5.21,39.88,58.42,1.56
4549.17,1.18,5.96,28.6,36.92,21.28,19.55,13.27,6.22,2.03,0.31,0.21,0.07,0,6.03,36.92,60.32,2.63
4559.52,1.38,7.32,31.38,31.32,20.58,21.52,16.24,7.84,2.2,0.18,0,0,0,9.08,31.32,66.18,2.37
,,,,,,,,,,,,,,,,,
,,,,,,,,,,,,,,,,,
,,,,,,,,,,,,,,,,,
,,,,,,,,,,,,,,,,,
4611.28,,,,,,,,,,,,,,,,,
4621.63,,,,,,,,,,,,,,,,,
4631.98,,,,,,,,,,,,,,,,,
4642.33,,,,,,,,,,,,,,,,,
4652.68,,,,,,,,,,,,,,,,,
4663.03,,,,,,,,,,,,,,,,,
4673.38,,,,,,,,,,,,,,,,,
4683.73,,,,,,,,,,,,,,,,,
4694.08,,,,,,,,,,,,,,,,,
4704.44,1.4,8.35,41.64,29.82,18.21,19.11,17.18,10.87,3.93,0.74,0.03,0,0,11.66,29.82,65.37,4.69
4714.79,1.49,7.48,35.26,30.76,20.43,20.61,15.94,8.43,3.03,0.63,0.03,0,0,8.23,30.76,65.42,3.69
4725.14,1.46,7.83,34.69,29.79,20,21.38,16.76,8.53,2.71,0.67,0.03,0,0,9.85,29.79,66.67,3.42
4735.49,1.47,7.28,35.59,31.24,20.77,20.43,15.27,8.19,3.21,0.75,0.01,0,0,7.47,31.24,64.66,3.97
4745.84,1.58,9.02,39.92,27.22,18.45,20.68,18.56,10.87,3.72,0.37,0.01,0,0,13.36,27.22,68.56,4.09
4756.19,1.71,11.28,53.36,23.99,16.19,18.72,18.9,14.8,6.69,0.59,0,0,0,17.42,23.99,68.61,7.28
4766.54,5.28,37.16,94.96,8.15,4.5,8.96,20.78,31.29,22.84,3.42,0,0,0,50.75,8.15,65.54,26.26
4776.89,2.29,15.6,56.17,16.61,12.93,20.36,24.32,17.63,6.86,0.85,0.33,0.01,0,20.59,16.61,75.24,8.05
4787.24,1.51,8.73,44.66,28.73,18.17,18.61,17.26,11.84,4.63,0.63,0.01,0,0,12.92,28.73,65.88,5.27
4797.59,1.49,6.87,29.31,32.08,21.86,20.99,15.94,7.49,1.44,0.07,0,0,0,6.55,32.08,66.28,1.5
4807.95,1.54,6.51,23.47,31.34,25.7,24.14,12.3,4.61,1.61,0.16,0,0,0,7.41,31.34,66.74,1.77
4818.3,1.59,8.07,34.32,28.23,20.57,22,17.24,8.86,2.79,0.18,0,0,0,9.62,28.23,68.66,2.97
4828.65,1.38,6.48,28.82,33.76,22.19,20.98,14.02,6.29,2.08,0.55,0,0,0,6.87,33.76,63.47,2.63
4839,1.36,6.04,26.14,35.35,23.09,20.73,13.11,5.45,1.73,0.4,0,0,0,5.97,35.35,62.38,2.12
4849.35,1.6,7.98,36.09,28.06,21.07,22.14,16.13,8.53,3.13,0.77,0.04,0,0,8.76,28.06,67.86,3.94
4859.7,1.64,8.57,36.97,25.81,20.84,23.44,16.89,8.77,3.38,0.72,0.02,0,0,9.55,25.81,69.94,4.12
4870.05,1.38,7.09,32.35,31.98,20.94,21.04,15.24,7.45,2.51,0.63,0.08,0,0,8.11,31.98,64.67,3.22
4880.4,1.47,7.16,30.63,31.21,21.46,21.76,15.63,7.37,2.21,0.22,0,0,0,8.35,31.21,66.22,2.44
4890.75,1.35,7.4,33.63,31.78,19.66,20.41,16.56,8.8,2.52,0.14,0,0,0,9.5,31.78,65.42,2.67
4901.1,1.52,7.64,31.11,29.6,20.95,22.39,16.86,7.78,2.09,0.19,0,0,0,9.69,29.6,67.98,2.28
4911.46,1.52,7.19,28.86,30.42,22.26,22.72,15.62,6.58,1.93,0.33,0,0,0,8.39,30.42,67.18,2.26
4921.81,1.25,5.56,22.6,38,23.43,20.71,12.08,4.3,1.08,0.23,0.02,0,0,6.01,38,60.52,1.33
4932.16,1.27,5.56,21.84,37.97,23.56,21.07,12.26,4.09,0.85,0.06,0,0,0,6.13,37.97,60.98,0.91
4942.51,1.38,6.98,28.59,32.36,21.11,22.01,15.72,6.66,1.7,0.3,0.01,0,0,9.12,32.36,65.5,2
4952.86,1.32,5.72,23.33,36.72,23.97,20.84,12.35,4.79,1.11,0.08,0,0,0,5.84,36.72,61.94,1.19
4963.21,1.4,5.85,22.06,35.45,24.98,21.91,12.38,4.25,0.78,0.09,0,0,0,6.2,35.45,63.52,0.88
4973.56,1.39,5.66,21.18,36.33,25.43,21.62,11.76,3.96,0.74,0.01,0,0,0,5.92,36.33,62.77,0.75
4983.91,1.16,5.04,21.11,41.23,23.19,19.46,11.03,3.86,0.88,0.21,0,0,0,4.99,41.23,57.54,1.09
4994.26,1.02,4.34,21.53,46.51,20.97,16.77,10.14,4.25,1.16,0.08,0,0,0,3.4,46.51,52.13,1.23
5004.61,1.37,6,26.05,35.51,23.28,20.67,12.9,5.87,1.56,0.08,0,0,0,6.11,35.51,62.71,1.63
5014.97,0.97,4.31,21.98,46.8,20.72,16.51,10.08,4.53,1.21,0.01,0,0,0,3.51,46.8,51.84,1.22
5025.32,0.79,3.1,15.37,57.59,19.66,12.83,6.23,2.07,0.73,0.52,0.26,0,0,2.69,57.59,40.78,1.51
5035.67,0.76,2.19,6.85,74.89,17.11,6.15,1.68,0.06,0,0,0,0,0,2.19,74.89,25,0
5046.02,0.85,2.72,11.43,64.24,19.27,10.07,4.6,1.46,0.25,0,0,0,0,2.46,64.24,35.39,0.25
5056.37,1.48,5.56,16.57,35.1,29.93,23.54,8.59,2.23,0.45,0,0,0,0,6.36,35.1,64.28,0.45
5066.72,1.3,6.06,25.18,35.94,22.32,21.15,13.63,5.61,1.2,0.02,0,0,0,7.17,35.94,62.7,1.21
5077.07,1.27,6.1,29.1,36.31,21.09,19.49,13.97,7.16,1.8,0.04,0,0,0,5.97,36.31,61.71,1.84
5087.42,1.31,6.63,31.72,34.35,20.41,19.76,14.97,7.99,2.27,0.12,0,0,0,7.05,34.35,63.12,2.39
5097.77,1.25,6.31,30.76,35.79,20.38,19.34,14.49,7.74,2.06,0.07,0,0,0,6.39,35.79,61.95,2.13
5108.12,1.19,5.62,27.75,38.85,20.87,18.73,13.06,6.62,1.71,0.02,0,0,0,4.86,38.85,59.28,1.73
5118.48,1.34,6.48,31.95,34.72,20.76,19.31,14.58,8.19,2.25,0.06,0,0,0,5.87,34.72,62.84,2.31
5128.83,1.26,5.99,32.5,37.27,20.14,17.81,13.88,8.32,2.38,0.08,0,0,0,4.21,37.27,60.14,2.45
5139.18,1.52,7.81,37.03,29.99,19.88,19.95,16.67,10.36,2.96,0.07,0,0,0,7.87,29.99,66.86,3.03
5149.53,1.69,8.57,36.31,26.71,20.19,21.88,17.98,10.24,2.77,0.09,0,0,0,9.88,26.71,70.3,2.86
5159.88,1.67,8.17,34.53,27.46,20.92,22.12,17.34,9.42,2.52,0.08,0,0,0,9.09,27.46,69.8,2.6
5170.23,1.69,7.51,30.26,28.45,22.76,22.86,16.22,7.77,1.78,0.02,0,0,0,7.89,28.45,69.61,1.8
5180.58,1.69,7.57,30.86,28.42,22.51,22.63,16.38,8.07,1.84,0.02,0,0,0,7.9,28.42,69.58,1.85
5190.93,1.74,7.67,33.46,28.29,22.15,21.6,16.41,9.15,2.23,0.02,0,0,0,7.21,28.29,69.31,2.25
5201.28,1.8,8.12,34.46,26.8,21.73,22.18,17.14,9.58,2.4,0.02,0,0,0,8.12,26.8,70.64,2.42
5211.63,1.87,9.54,29.51,22.2,20.1,27.54,21.02,7.37,1.49,0.14,0,0,0,12.36,22.2,76.03,1.63
5221.99,1.36,7.61,29.46,30.35,20.36,23.33,16.67,6.55,2.05,0.47,0.09,0,0,10.7,30.35,66.91,2.61
5232.34,0.8,2.8,14.14,61.95,18.67,10.34,5.09,2.28,0.9,0.4,0.25,0,0,2.45,61.95,36.38,1.55
5242.69,1.46,8.8,59.17,28.89,17.81,17.68,14.67,11.62,7.24,1.9,0.07,0,0,7.64,28.89,61.78,9.21
5253.04,1.41,7.26,26.29,29.85,22.64,24.81,15,5.42,1.87,0.26,0,0,0,9.24,29.85,67.88,2.13
5263.39,1.46,9.5,58.09,27.71,17.04,18.1,15.97,12.09,6.59,2.06,0.33,0,0,10.21,27.71,63.2,8.97
5273.74,1.52,12.31,70.8,24.92,14.39,16.35,16.84,15.17,9.41,2.24,0.49,0.09,0,19.73,24.92,62.75,12.23
5284.09,1.16,5.8,28.05,38.18,20.51,19.06,13.65,6.63,1.71,0.12,0,0,0,5.51,38.18,59.86,1.83
5294.44,1.55,7.07,34.01,30.84,22.25,20.67,14.61,8.51,2.8,0.18,0,0,0,6.63,30.84,66.04,2.99
,,,,,,,,,,,,,,,,,
,,,,,,,,,,,,,,,,,
,,,,,,,,,,,,,,,,,
,,,,,,,,,,,,,,,,,
,,,,,,,,,,,,,,,,,
,,,,,,,,,,,,,,,,,
,,,,,,,,,,,,,,,,,
,,,,,,,,,,,,,,,,,
,,,,,,,,,,,,,,,,,
,,,,,,,,,,,,,,,,,
,,,,,,,,,,,,,,,,,
,,,,,,,,,,,,,,,,,
,,,,,,,,,,,,,,,,,
,,,,,,,,,,,,,,,,,
5449.71,1.61,7.44,30.61,29.16,22.31,22.23,16.37,7.54,2,0.24,0,0,0,7.56,29.16,68.46,2.24
5460.06,2.79,16.68,49.12,14.19,11.59,21.37,29.12,17.64,4.22,0.82,0.86,0.1,0,21.15,14.19,79.71,6
5470.41,2.41,14.45,40.64,16.87,13.12,23.12,29.04,13.91,2.51,0.75,0.55,0.01,0,19.4,16.87,79.2,3.82
5480.76,2.43,18.06,56.02,16.07,10.8,17.76,26.92,20.51,6.35,0.79,0.67,0.04,0,24.53,16.07,75.99,7.85
5491.11,2.33,14.32,40.98,17.03,12.77,23.75,28.63,13.79,2.8,0.58,0.52,0.01,0,18.63,17.03,78.95,3.91
5501.46,2.76,15.89,41.42,14.42,11.79,22.88,31.32,16.5,2.4,0.23,0.35,0.01,0,20.57,14.42,82.49,2.99
5511.81,1.51,7.02,20.86,30.53,23.38,27.28,15.28,2.66,0.52,0.17,0.04,0,0,10.32,30.53,68.59,0.73
5522.16,1.6,7.73,23.06,28.13,22.07,27.58,17.37,3.82,0.77,0.12,0,0,0,11.27,28.13,70.84,0.89
5532.52,1.76,7.93,25.01,27.05,22.24,26.61,17.89,5.03,0.84,0.2,0,0,0,11.16,27.05,71.76,1.04
5542.87,1.68,8,22.63,27.07,21.85,28.41,18.7,3.31,0.27,0.24,0,0,0,11.97,27.07,72.27,0.51
5553.22,1.61,7.99,22.67,27.79,21.2,27.93,19.45,3.46,0.03,0,0,0,0,12.5,27.79,72.04,0.03
5563.57,1.35,5.42,17.13,38.38,24.87,24.1,11.35,1.15,0,0,0,0,0,8.34,38.38,61.47,0
5573.92,1.53,6.98,22.25,30.99,22.9,25.64,16.22,3.58,0.38,0.14,0,0,0,10.51,30.99,68.34,0.53
5584.27,1.74,11.18,35.03,23.95,15.43,22.63,24.76,11.05,1.78,0.27,0,0,0,17.69,23.95,73.87,2.05
5594.62,2.22,11.99,42.15,19.31,16.42,24.32,23.69,10.33,2.67,0.97,1.72,0.47,0,15.93,19.31,74.75,5.83
5604.97,1.36,6.54,28.1,33.69,21.93,21.19,14.63,6.67,1.59,0.12,0.04,0,0,7.32,33.69,64.42,1.75
5615.32,1.28,6.49,28.67,34.39,21.39,20.83,14.52,7,1.72,0.02,0,0,0,7.54,34.39,63.73,1.74
5625.67,1.25,6.28,29.76,35.74,20.71,19.75,14.32,7.38,1.94,0.02,0,0,0,6.84,35.74,62.16,1.97
5636.03,1.01,4.83,27.91,43.75,19.46,16.48,11.62,6.57,1.96,0.03,0,0,0,3.56,43.75,54.13,1.99
5646.38,1.01,5.17,30.04,41.97,19.02,16.6,12.77,7.41,2.09,0.03,0,0,0,3.81,41.97,55.79,2.12
5656.73,1.61,8.26,35.9,28.03,20.08,21.21,17.67,10.17,2.64,0.07,0,0,0,9.47,28.03,69.12,2.71
5667.08,1.66,8.35,35.06,27.21,20.51,22.07,17.72,9.72,2.56,0.07,0,0,0,9.63,27.21,70.01,2.64
5677.43,1.6,7.67,33.26,28.93,21.53,21.55,16.56,9.11,2.17,0.02,0,0,0,7.73,28.93,68.74,2.19
5687.78,1.38,8.85,42.22,28.84,17.54,19.97,17.69,11.04,4.06,0.47,0.2,0.09,0,12.4,28.84,66.23,4.81
5698.13,1.77,8.29,39.97,28.37,19.72,21.06,16.6,9.35,4.13,0.63,0,0,0,11.4,28.37,66.73,4.77
5708.48,0.97,5.7,42.13,40.23,17.63,16.38,11.95,7.39,3.87,0.99,1.02,0.45,0,4.2,40.23,53.33,6.32
5718.83,1.35,9.53,50.36,28.61,16.09,18.68,17.42,12.12,5.52,0.86,0.49,0.09,0,13.94,28.61,64.3,6.97
5729.18,1.47,13.52,70.9,23.71,13.23,16.64,17.89,16.04,9.82,2.01,0.44,0.12,0,20.22,23.71,63.81,12.39
5739.54,0.92,4.47,25.68,45.76,20.19,16.03,10.07,5.23,2.27,0.32,0,0,0,3.7,45.76,51.52,2.59
5749.89,0.99,5.29,31.37,41.43,19.03,17.11,12.14,6.63,2.78,0.46,0.2,0.08,0,4.06,41.43,54.92,3.52
5760.24,0.96,4.6,23.32,44.83,20.62,17.19,10.92,4.82,1.47,0.03,0,0,0,3.94,44.83,53.55,1.5
5770.59,0.94,4.92,25.63,43.22,19.78,17.6,11.87,5.59,1.73,0.09,0,0,0,4.34,43.22,54.84,1.81
5780.94,0.97,4.59,23.84,44.9,20.61,17.01,10.65,5.01,1.67,0.03,0,0,0,3.83,44.9,53.26,1.71
,,,,,,,,,,,,,,,,,
5801.64,1,4.12,19.35,47.95,22.54,15.92,8.79,3.68,0.97,0,0,0,0,3.69,47.95,50.93,0.97
5811.99,1.11,4.79,20.12,42.89,23.25,18.83,10.45,3.68,0.75,0,0,0,0,4.61,42.89,56.21,0.75
5822.34,1.14,4.57,19.21,44.23,23.94,17.98,9.38,3.39,0.88,0.05,0,0,0,4.21,44.23,54.69,0.94
5832.69,1.02,4.74,23.4,43.82,21.27,17.58,10.74,4.86,1.57,0.03,0,0,0,4.33,43.82,54.45,1.6
5843.05,0.92,4.28,26.18,47.2,19.27,15.32,10.09,5.59,2.24,0.17,0,0,0,3.24,47.2,50.27,2.41
5853.4,0.99,5.11,30.07,42.09,19.79,17.06,11.32,6.57,2.83,0.22,0,0,0,4.24,42.09,54.73,3.05
5863.75,1.01,5.45,36.58,40.91,18.34,16.26,12.09,8.03,3.77,0.47,0,0,0,3.87,40.91,54.72,4.24
5874.1,1.14,6.97,44.46,35.16,17.65,17.3,14.19,9.53,4.16,0.64,0.75,0.51,0,7.43,35.16,58.66,6.06
5884.45,1.14,7.35,46.63,33.96,17.47,17.36,14.66,9.9,4.48,0.7,0.89,0.47,0,7.75,33.96,59.39,6.53
5894.8,0.95,5.39,48.93,41.49,17.59,14.88,10.81,7.38,4.77,1.86,0.86,0.24,0,3.69,41.49,50.67,7.73
5905.15,0.99,4.46,22.69,45.6,21.5,16.71,9.58,4.48,1.83,0.16,0,0,0,4.14,45.6,52.28,1.99
5915.5,1.06,5.51,30.25,40.44,18.93,17.68,13.19,7.1,2.39,0.14,0,0,0,4.4,40.44,56.9,2.53
5925.85,0.97,4.82,25.46,43.46,20.76,17.2,10.93,5.41,1.96,0.16,0,0,0,4.35,43.46,54.3,2.11
5936.2,1.01,5.32,30.57,41.32,19.01,17.2,12.55,6.95,2.54,0.31,0,0,0,4.59,41.32,55.71,2.85
5946.56,1.11,5.21,22.41,40.61,22.33,19.61,11.78,4.45,1.06,0.02,0,0,0,5.62,40.61,58.17,1.08
5956.91,0.97,4.93,28,43.02,19.88,16.84,11.47,6.19,2.32,0.15,0,0,0,4.22,43.02,54.39,2.47
5967.26,1.03,4.92,26.45,42.65,21.08,17.09,11.08,5.74,2.08,0.15,0,0,0,4.21,42.65,54.99,2.23
5977.61,0.93,4.32,21.68,46.8,20.4,16.84,10.33,4.4,1.1,0,0,0,0,3.65,46.8,51.97,1.1
5987.96,1.85,6.46,32.8,32.2,24.03,19.97,12.93,5.91,1.55,0.04,0.64,1.71,0.88,4.79,32.2,62.83,4.81
5998.31,1.89,6.49,30.28,31.69,24.57,20.65,13.26,6.07,1.8,0.12,0.47,1.02,0.21,5,31.69,64.55,3.6
6008.66,0.84,3.72,23.22,51.32,18.01,14.33,9.65,4.83,1.65,0.09,0,0,0,2.6,51.32,46.82,1.74
6019.01,0.87,3.28,14.89,56.18,21.14,13.2,6.45,2.37,0.53,0,0,0,0,2.92,56.18,43.16,0.53
6029.36,1.13,8.24,42.64,33.21,15.46,16.86,17.65,12.38,4.11,0.22,0,0,0,19.33,33.21,62.35,4.33
,,,,,,,,,,,,,,,,,
,,,,,,,,,,,,,,,,,
,,,,,,,,,,,,,,,,,
,,,,,,,,,,,,,,,,,
,,,,,,,,,,,,,,,,,
,,,,,,,,,,,,,,,,,
,,,,,,,,,,,,,,,,,
,,,,,,,,,,,,,,,,,
,,,,,,,,,,,,,,,,,
,,,,,,,,,,,,,,,,,
,,,,,,,,,,,,,,,,,
6153.58,,,,,,,,,,,,,,,,,
6163.93,1.72,7.82,32.91,27.47,22.33,22.72,16.35,7.96,2.52,0.51,0,0,0,8.05,27.47,69.35,3.03
6174.28,1.58,8.08,34.31,28.69,20.12,21.54,17.61,9.08,2.45,0.36,0.01,0,0,10.29,28.69,68.35,2.82
6184.63,1.63,7.02,27.85,30.12,23.53,22.93,14.93,6.23,1.79,0.29,0.02,0,0,7.54,30.12,67.63,2.1
6194.98,1.48,6.28,21.64,34.23,23.91,23.13,14.17,3.71,0.52,0.18,0,0,0,8.68,34.23,64.92,0.7
6205.33,1.57,6.67,23.17,31.69,23.94,24.25,14.69,4.33,0.83,0.12,0,0,0,8.22,31.69,67.2,0.95
6215.68,1.46,6.43,25.77,33,23.77,22.13,13.69,5.59,1.45,0.22,0,0,0,6.79,33,65.18,1.67
6226.03,1.67,7.36,29.01,28.79,23.15,23.29,15.72,6.77,1.81,0.32,0.01,0,0,7.97,28.79,68.93,2.13
6236.38,1.56,7.41,29.79,29.52,22.33,22.91,15.73,6.92,1.92,0.48,0.04,0,0,8.63,29.52,67.9,2.45
6246.73,1.41,6.28,24.22,33.7,23.91,22.39,13.59,5.13,1.07,0.06,0,0,0,7.02,33.7,65.02,1.14
6257.09,1.03,4.49,22.01,45.48,21,17.18,10.58,4.41,1.18,0.03,0,0,0,3.54,45.48,53.18,1.21
6267.44,0.98,4.26,20.53,47.08,21.19,16.81,9.85,4.01,0.93,0,0,0,0,3.53,47.08,51.86,0.93
6277.79,0.9,3.05,12.29,59.57,21.46,12.03,5.06,1.56,0.18,0,0,0,0,2.75,59.57,40.11,0.18
6288.14,1.27,5.41,19.32,37.98,25.8,21.73,10.26,3.38,0.7,0,0,0,0,6.4,37.98,61.17,0.7
6298.49,1.23,5.98,27.43,36.73,21.48,19.93,13.59,6.47,1.65,0.02,0,0,0,6.37,36.73,61.47,1.67
6308.84,1.25,6.03,27.72,36.38,21.6,19.9,13.73,6.66,1.59,0.02,0,0,0,6.18,36.38,61.88,1.61
6319.19,1.27,5.88,28.05,36.75,22.17,19.42,12.99,6.7,1.8,0.02,0,0,0,5.53,36.75,61.28,1.83
6329.54,1.56,7.59,34.75,29.9,20.86,20.59,16.42,9.48,2.57,0.06,0,0,0,7.35,29.9,67.34,2.63
6339.89,1.62,8.13,33.91,27.93,20.65,21.97,17.59,9.41,2.28,0.04,0,0,0,9.39,27.93,69.62,2.31
6350.24,1.43,8.38,35.48,29.13,18.66,21.26,18.23,9.57,2.79,0.23,0,0,0,12.51,29.13,67.73,3.02
6360.6,1,4.96,30.81,43.03,19.27,16.29,11.36,6.56,2.89,0.47,0,0,0,3.75,43.03,53.49,3.36
6370.95,2.88,11.52,43.69,15.62,19.89,25.7,21.35,12.55,4.42,0.33,0,0,0,11.69,15.62,79.5,4.75
6381.3,2.15,9.62,39.09,20.97,21.11,25.6,18.25,9.59,3.96,0.39,0,0,0,10.33,20.97,74.54,4.35
6391.65,2,11.21,55.87,21.04,17.62,21.64,18.44,12.8,6.44,1.29,0.56,0.07,0,11.57,21.04,70.49,8.35
6402,1.51,11.16,60.63,25.59,15.33,17.8,17.6,14.06,7.58,1.43,0.42,0.07,0,15.94,25.59,64.8,9.51
6412.35,1.62,11.07,68.78,25.86,15.79,16.42,16.17,14.07,8.8,2.69,0.09,0,0,16.73,25.86,62.45,11.58
6422.7,1.38,8.81,51.46,29.89,16.9,17.88,16.15,11.74,5.87,1.4,0.05,0,0,11.44,29.89,62.68,7.32
6433.05,1.33,8.05,43.3,31.55,17.53,18.16,16.4,11.21,4.26,0.78,0,0,0,10.69,31.55,63.29,5.04
6443.4,1.25,6.76,30.32,34.2,19.97,20.59,15.48,7.12,2.1,0.42,0,0,0,9.18,34.2,63.15,2.52
6453.75,1.3,8.19,39.64,30.23,18.28,20.24,16.76,10.13,3.74,0.5,0,0,0,10.73,30.23,65.4,4.25
6464.11,1.28,7.71,35.24,31.36,18.9,20.57,16.76,9.17,2.83,0.29,0,0,0,10.44,31.36,65.4,3.12
6474.46,1.48,7.74,32.34,28.89,21.25,23.01,16.02,8.08,2.49,0.13,0,0,0,9.17,28.89,68.36,2.62
6484.81,1.21,5.99,28.65,37.01,20.87,19.33,13.88,6.9,1.77,0.1,0,0,0,5.91,37.01,60.99,1.87
6495.16,1.3,7.53,35.15,32.14,18.76,19.73,16.88,9.51,2.65,0.19,0,0,0,10.47,32.14,64.89,2.84
6505.51,1.24,7.72,36.92,32.73,17.45,19.54,16.97,9.66,3.16,0.37,0,0,0,12.46,32.73,63.62,3.53
6515.86,1.31,7.99,39.22,31.22,18.04,19.62,16.78,10.14,3.67,0.44,0,0,0,11.47,31.22,64.56,4.1
6526.21,1.19,6.35,35.02,36.52,19.07,18.23,14.14,8.55,3.06,0.29,0.01,0,0,5.94,36.52,60,3.36
6536.56,2.47,11.54,43.9,16.79,17.98,27.68,21.81,9.11,4.22,1.22,0.82,0.24,0,12.89,16.79,76.59,6.5
6546.91,2.6,12.73,37.65,15.81,16.39,26.16,26.35,12.84,2.33,0,0,0,0,16.32,15.81,81.73,2.33
6557.26,1.24,7.59,33.27,32.21,18.46,20.33,17.51,9.23,2.1,0.05,0,0,0,12.16,32.21,65.52,2.14
6567.62,1.69,6.68,22.31,30.88,24.89,24.79,14.65,4,0.58,0.05,0,0,0,8.1,30.88,68.34,0.62
6577.97,1.32,10,124.68,34.11,12.43,9.06,8.85,10.44,15.07,9.01,0.91,0.03,0,2.7,34.11,40.78,25.01
6588.32,1.61,11.94,45.83,23.56,14.57,20.39,22.13,14.13,4.72,0.39,0,0,0,18.15,23.56,71.23,5.1
6598.67,1.04,6.36,42.46,39.14,15.13,15.17,14.86,10.76,4.46,0.38,0,0,0,2.62,39.14,55.92,4.83
6609.02,1.79,12.17,48.01,20.97,15.16,22.43,21.85,13.53,5.48,0.47,0,0,0,15.38,20.97,72.98,5.94
6619.37,1.29,6.85,30.89,33.54,20.29,20.63,15.47,7.6,2.23,0.11,0,0,0,8.87,33.54,63.99,2.34
6629.72,1.45,8.68,44.66,29.59,17.49,19.24,17.59,9.59,4.4,1.29,0.27,0.19,0.25,14.8,29.59,63.89,6.4
6640.07,1.51,6.05,19.86,33.41,26.73,24.17,11.58,3.19,0.75,0.01,0,0,0,7.03,33.41,65.68,0.76
6650.42,1.22,5.95,23.98,36.58,22.32,21.55,13.15,4.97,1.16,0.12,0,0,0,7.67,36.58,61.99,1.29
6660.77,1.26,6.32,35.84,36.08,19.68,18.02,13.94,8.01,3.4,0.75,0.01,0,0,4.48,36.08,59.64,4.15
6671.13,1.07,7.01,75.37,36.38,15.88,14.62,12.28,8.92,5.53,2.81,2.84,0.63,0,3.42,36.38,51.7,11.82
6681.48,1.3,7.66,63.07,33.94,16.37,15.82,14.03,9.61,6.68,3.39,0.03,0,0,3.29,33.94,55.84,10.1
6691.83,0.99,5.5,60.23,40.69,17.67,13.95,10.28,7.64,5.43,2.64,1.34,0.24,0,3.42,40.69,49.55,9.64
6702.18,1.1,6.53,38.97,36.42,18.13,17.5,14.25,9.05,3.79,0.71,0.04,0,0,4.67,36.42,58.92,4.53
6712.53,1.11,6.71,42.03,36.01,17.8,17.5,14.05,9.07,4.54,0.91,0.01,0,0,7.73,36.01,58.41,5.46
6722.88,1.31,8.62,59.08,29.76,17.42,19.1,15.15,9.04,6.03,2.36,0.89,0.15,0,10.65,29.76,60.7,9.42
6733.23,1.31,6.42,33.04,34.87,20.86,19.13,14.04,7.47,2.74,0.75,0,0,0,5.47,34.87,61.51,3.48
6743.58,1.38,7.45,36.25,31.1,20.23,20.89,15.29,8.03,3.84,0.48,0,0,0,8.83,31.1,64.45,4.32
6753.93,1.31,5.13,24.3,40.18,23.71,18.16,10.83,4.98,1.79,0.19,0,0,0,4.21,40.18,57.69,1.98
6764.28,1.14,5.58,25.15,38.52,22.18,19.76,12.27,5.35,1.55,0.22,0.01,0,0,5.94,38.52,59.56,1.78
6774.64,1.46,7.5,33.59,30.69,20.39,20.8,16.58,8.25,2.6,0.55,0,0,0,8.39,30.69,66.01,3.16
6784.99,1.42,7.14,30.01,31.5,21.27,21.8,15.85,7.07,1.99,0.4,0,0,0,8.56,31.5,65.98,2.39
6795.34,1.35,6.21,22.95,34.55,23.22,22.5,14.69,4.64,0.25,0,0,0,0,7.36,34.55,65.05,0.25
6805.69,1.12,4.85,22.08,42.67,22.44,18.19,11.1,4.13,1.04,0.3,0,0,0,4.34,42.67,55.85,1.34
6816.04,1.27,5.28,26,40.1,21.71,17.9,12.86,6.03,1.17,0.09,0,0,0,3.92,40.1,58.5,1.26
6826.39,1.65,7.78,32.03,28.2,21.79,22.36,16.91,8.68,1.9,0.03,0,0,0,8.3,28.2,69.73,1.92
6836.74,1.32,8,54.68,32.46,16.87,14.94,14.72,12.97,6.74,1.18,0,0,0,4.07,32.46,59.5,7.92
6847.09,1.49,12,61.11,24.66,14.62,17.53,18.12,15.37,8,1.56,0.04,0,0,18.33,24.66,65.63,9.6
6857.44,1.69,13.57,75.27,22.14,14.3,17.04,17.64,15.63,8.75,2.42,1.7,0.29,0,19.67,22.14,64.6,13.16
6867.79,1.15,5.79,27.26,38.08,20.87,19.46,13.33,5.84,1.85,0.43,0,0,0,6.18,38.08,59.5,2.28
6878.15,1.05,4.91,23.28,42.69,21.25,18.11,11.77,4.52,1.27,0.26,0,0,0,4.16,42.69,55.66,1.52
6888.5,1.05,4.75,22.04,43.57,21.67,18,11.23,4.29,1,0.1,0,0,0,4.12,43.57,55.19,1.1
6898.85,1.12,5.46,26.78,39.63,20.99,18.64,12.68,5.76,1.87,0.31,0,0,0,4.75,39.63,58.06,2.18
6909.2,1.12,5.05,22.95,41.39,22.41,18.56,11.68,4.53,1.06,0.23,0,0,0,4.62,41.39,57.18,1.29
6919.55,1.09,4.87,21.06,42.51,22.66,18.79,11.16,4.01,0.74,0,0,0,0,4.55,42.51,56.61,0.74
6929.9,1.1,5.44,26.96,39.73,21.02,18.47,12.65,6.03,1.83,0.14,0,0,0,4.89,39.73,58.17,1.96
6940.25,1.28,8.06,44.7,31.19,17.83,18.46,15.91,10.98,4.69,0.82,0,0,0,9.51,31.19,63.18,5.51
6950.6,1.76,9.28,35.71,23.57,20.13,25.02,18.65,8.9,2.82,0.69,0.09,0,0,11,23.57,72.7,3.6
6960.95,1.17,6.4,31.62,35.91,19.66,19.24,14.76,7.01,2.47,0.83,0,0,0,7.07,35.91,60.66,3.3
6971.3,1.08,5.24,25.62,40.93,20.82,18.27,12.58,5.14,1.57,0.56,0,0,0,4.48,40.93,56.81,2.13
6981.66,1.11,5.74,26.3,38.42,20.62,19.34,14.13,5.62,1.55,0.2,0,0,0,5.84,38.42,59.71,1.75
6992.01,1.18,6.59,34.69,35.46,19.08,18.25,15.22,8.13,2.79,0.96,0,0,0,5.67,35.46,60.67,3.74
7002.36,1.17,6.79,37.9,35.16,18.45,18.26,14.81,8.84,3.56,0.8,0,0,0,7.94,35.16,60.36,4.35
7012.71,1.2,7.07,33.07,33.44,19.32,20.1,15.94,7.48,2.31,1.21,0.08,0,0,9.21,33.44,62.84,3.6
7023.06,1.26,6.77,31.64,34.36,19.67,19.96,15.55,7.26,2.2,0.85,0.02,0,0,8.77,34.36,62.44,3.07
7033.41,1.2,6.37,36.33,36.18,19.41,18.19,13.79,7.89,3.49,0.94,0,0,0,5.96,36.18,59.27,4.42
7043.76,1.16,6,28.29,37.3,20.44,19.56,13.97,6.23,1.86,0.52,0,0,0,6.75,37.3,60.2,2.38
7054.11,1.18,5.86,25.66,37.39,21.53,20.14,13.75,5.52,1.44,0.09,0,0,0,6.54,37.39,60.94,1.54
7064.46,1.06,4.94,20.42,42.53,21.76,19.7,12.08,3.35,0.44,0.01,0,0,0,5.8,42.53,56.88,0.45
7074.81,1.42,5.18,16.7,38.45,28.12,21.82,9.09,1.71,0.47,0.18,0,0,0,5.55,38.45,60.74,0.65
7085.17,1.18,5.49,24.8,39.62,20.97,19.52,13.08,5.22,1.2,0.27,0,0,0,6.32,39.62,58.78,1.46
7095.52,1.26,7.51,35.44,32.26,18.74,20.13,16.45,8.62,2.82,0.86,0,0,0,10.54,32.26,63.93,3.69
7105.87,1.15,5.5,24.96,39.75,20.53,19.35,13.64,5.41,1.05,0.15,0,0,0,5.7,39.75,58.93,1.19
7116.22,1.24,6.46,27.11,34.91,20.9,21.13,15.16,6.15,1.28,0.34,0,0,0,8.41,34.91,63.33,1.62
7126.57,1.14,5.46,22.71,39.22,22.2,20.26,12.81,4.33,0.83,0.22,0,0,0,6,39.22,59.59,1.05
7136.92,1.19,5.17,22.44,40.89,21.9,19.39,12.45,4.33,0.72,0.17,0,0,0,4.51,40.89,58.07,0.9
7147.27,1.16,4.71,19.51,43.12,24.2,18.45,9.66,3.22,0.91,0.28,0,0,0,4.45,43.12,55.54,1.19
7157.62,1.25,6.17,26.54,35.54,21.96,20.93,13.69,5.39,2.08,0.26,0,0,0,7.06,35.54,61.98,2.34
7167.97,1.11,5.38,26.02,39.99,21.25,18.73,12.27,5.29,1.87,0.47,0,0,0,5,39.99,57.54,2.34
7178.32,1.02,5.36,35.89,41.41,18.01,15.91,12.53,7.57,3.3,1.08,0.07,0,0,3.29,41.41,54.01,4.46
7188.68,1.25,5.58,37.41,38.64,20.61,15.79,12.25,7.86,3.69,1.04,0,0,0,3.74,38.64,56.5,4.73
7199.03,1.06,5.72,34.06,40.24,17.22,16.75,14.19,8.1,2.86,0.53,0,0,0,3.02,40.24,56.25,3.39
7209.38,0.99,3.79,19.34,50.92,21.33,14.42,8.28,3.59,1.13,0.18,0,0,0,3.14,50.92,47.63,1.31
7219.73,1.22,3.48,11.33,55.44,26.73,11.48,4.08,1.48,0.52,0.1,0,0,0,3.3,55.44,43.77,0.62
7230.08,1.62,4.27,10.34,44.77,35.64,16.61,2.69,0.09,0,0,0,0,0,4.43,44.77,55.03,0
7240.43,1.64,7.07,23.96,30.2,23.19,24.73,16.19,4.48,0.77,0.29,0,0,0,9.68,30.2,68.59,1.06
7250.78,1.36,7.03,28.72,32.85,20.2,21.52,16.66,6.82,1.41,0.4,0.01,0,0,10.78,32.85,65.2,1.82
7261.13,1.68,7.82,36.17,29.19,20.63,21.3,16.25,8.32,3.25,0.92,0,0,0,9.05,29.19,66.5,4.17
7271.48,1.49,7.15,31.75,31.97,20.54,20.53,16.4,7.98,2.02,0.43,0,0,0,7.83,31.97,65.45,2.44
7281.83,1.45,6.55,29.33,33.15,22.41,20.64,14.54,6.76,1.89,0.44,0.03,0,0,6.1,33.15,64.34,2.36
7292.19,1.58,6.52,21.89,31.85,24.86,24.57,14.07,3.92,0.57,0.02,0,0,0,7.95,31.85,67.41,0.58
7302.54,1.2,6.12,56.09,38.48,17.29,15.6,12.08,7.28,4.38,3.66,1.11,0,0,2.99,38.48,52.25,9.15
7312.89,1.78,6.1,21.03,32.5,27.09,23.4,12.42,3.51,0.63,0.28,0,0,0,6.01,32.5,66.43,0.91
7323.24,1.22,5.28,30.85,41.26,18.96,17.04,12.67,6.65,2.51,0.76,0.01,0,0,2.91,41.26,55.32,3.29
7333.59,1.71,10.5,89.98,27.42,15.89,15.39,14.33,11.68,9.08,4.52,1.57,0.02,0,3.78,27.42,57.28,15.18
7343.94,1.26,5.82,25.85,37.79,21.11,20.12,13.57,5.57,1.41,0.3,0,0,0,7.07,37.79,60.37,1.71
7354.29,1.28,5.54,27.42,38.87,21.28,18.36,13.23,6.43,1.59,0.12,0,0,0,3.93,38.87,59.29,1.7
7364.64,1.22,6.63,51.25,36.35,17.61,16.06,12.82,9.23,4.89,2.17,0.75,0,0,3.85,36.35,55.72,7.82
7374.99,1.11,5.38,22.55,39.9,21.82,20.16,12.68,4.43,0.81,0.06,0,0,0,6.4,39.9,59.09,0.86
7385.34,1.55,7.11,24.71,30.64,22.55,24.73,15.57,4.81,1.26,0.29,0,0,0,9.83,30.64,67.66,1.55
7395.7,1.43,5.18,19.46,39.71,24.61,20.85,10.84,3.17,0.58,0.09,0,0,0,4.56,39.71,59.47,0.67
7406.05,1.53,6.6,21.14,32.4,23.63,25.51,14.44,3.19,0.57,0.11,0,0,0,9.58,32.4,66.77,0.68
7416.4,1.47,5.76,20.24,35.79,25.42,22.77,11.74,3.36,0.73,0.03,0,0,0,6.64,35.79,63.3,0.75
7426.75,1.65,5.72,18.15,34.37,28.38,23.61,10.76,2.35,0.29,0.07,0,0,0,6.07,34.37,65.11,0.36
7437.1,1.68,5.93,17.24,32.93,28.88,25.53,10.36,1.67,0.43,0.04,0,0,0,6.93,32.93,66.43,0.47
7447.45,1.41,6.02,24.22,35.62,22.76,21.12,14.45,5.2,0.68,0.02,0,0,0,5.67,35.62,63.53,0.7
7457.8,1.57,4.99,14.01,38.4,32.08,21.53,6.61,1.11,0.09,0,0,0,0,5.31,38.4,61.33,0.09
7468.15,1.52,6.4,22.45,32.83,24.3,23.72,14.19,4.26,0.5,0.07,0,0,0,7.74,32.83,66.46,0.56
7478.5,1.36,7.06,30.08,32.69,20.21,20.74,16.8,8.1,1.31,0.01,0,0,0,9.12,32.69,65.85,1.32
7488.85,1.45,7.32,29.58,31.59,20.26,21.67,17.23,7.51,1.37,0.23,0,0,0,10.79,31.59,66.67,1.6
7499.21,1.24,5.54,23.49,38.69,22.19,20.09,13.15,4.91,0.72,0.11,0,0,0,5.54,38.69,60.34,0.83
,,,,,,,,,,,,,,,,,
7519.91,,,,,,,,,,,,,,,,,
7530.26,,,,,,,,,,,,,,,,,
7540.61,,,,,,,,,,,,,,,,,
7550.96,,,,,,,,,,,,,,,,,
7561.31,,,,,,,,,,,,,,,,,
7571.66,,,,,,,,,,,,,,,,,
7582.01,,,,,,,,,,,,,,,,,
7592.36,,,,,,,,,,,,,,,,,
7602.72,,,,,,,,,,,,,,,,,
7613.07,,,,,,,,,,,,,,,,,
7623.42,,,,,,,,,,,,,,,,,
7633.77,,,,,,,,,,,,,,,,,
7644.12,,,,,,,,,,,,,,,,,
7654.47,,,,,,,,,,,,,,,,,
7664.82,,,,,,,,,,,,,,,,,
7675.17,,,,,,,,,,,,,,,,,
7685.52,,,,,,,,,,,,,,,,,
7695.87,,,,,,,,,,,,,,,,,
7706.23,,,,,,,,,,,,,,,,,
7716.58,,,,,,,,,,,,,,,,,
,,,,,,,,,,,,,,,,,
,,,,,,,,,,,,,,,,,
7747.63,,,,,,,,,,,,,,,,,
7757.98,,,,,,,,,,,,,,,,,
7768.33,,,,,,,,,,,,,,,,,
7778.68,,,,,,,,,,,,,,,,,
7789.03,1.16,5.59,28.78,39.45,20.02,18.43,13.03,6.31,2.33,0.3,0,0,0,4.88,39.45,57.79,2.63
7799.38,1.17,4.92,22.34,42.22,22.21,18.33,11.68,4.23,0.8,0.18,0.16,0.05,0,4.06,42.22,56.46,1.19
7809.74,1.32,5.75,23.92,36.26,24.48,20.71,11.93,5.04,1.37,0.09,0,0,0,5.8,36.26,62.14,1.45
7820.09,1.17,5,22.26,41.58,22.83,18.66,11.17,4.11,1.08,0.42,0,0,0,4.52,41.58,56.77,1.5
7830.44,1.26,5.48,27.1,39.44,20.93,18.58,12.84,5.95,2,0.12,0,0,0,3.86,39.44,58.3,2.12
7840.79,1.22,4.81,20.63,42.36,24.03,18.29,10.49,3.79,0.78,0.12,0,0,0,4.29,42.36,56.6,0.9
7851.14,1.26,5.14,22.21,40.36,23.38,19.05,11.74,4.21,0.89,0.22,0,0,0,4.45,40.36,58.38,1.11
7861.49,1.26,5.44,23.26,38.81,22.84,19.57,13.07,4.27,0.85,0.45,0,0,0,4.78,38.81,59.75,1.3
7871.84,1.24,4.86,19.51,41.9,24.47,19.1,10.43,3.12,0.66,0.17,0,0,0,4.49,41.9,57.12,0.83
7882.19,1.24,5.2,24.91,40.48,22.06,18.18,12.33,5.44,1.17,0.2,0,0,0,4.08,40.48,58.01,1.37
7892.54,1.33,5.63,26.2,38.3,21.51,18.96,13.77,6.02,1.21,0.1,0,0,0,4.05,38.3,60.25,1.3
7902.89,1.2,4.97,21.03,41.62,23.09,18.99,11.67,3.59,0.57,0.32,0,0,0,4.3,41.62,57.34,0.89
7913.25,1.27,5.14,23.42,40.72,22.52,18.71,11.79,4.83,1.09,0.2,0,0,0,3.99,40.72,57.85,1.29
7923.6,1.36,6.33,29.95,34.9,21.42,19.77,14.31,6.76,2.12,0.58,0.01,0,0,5.54,34.9,62.25,2.71
7933.95,1.33,5.41,22.2,38.39,24.13,20.07,12.01,4.28,0.8,0.17,0,0,0,5.07,38.39,60.48,0.98
7944.3,1.24,5.03,21.03,40.78,24.34,19.07,10.68,3.93,0.91,0.14,0,0,0,4.6,40.78,58.02,1.05
7954.65,1.21,5.38,22.95,39.23,22.91,19.85,12.09,4.59,1.05,0.14,0,0,0,5.24,39.23,59.44,1.19
7965,1.44,5.37,16.2,36.97,28.62,23.38,9.46,1.33,0.07,0.02,0,0,0,6.14,36.97,62.78,0.09
7975.35,1.95,6.65,17.73,28.08,29.11,28.86,12.6,1.18,0,0,0,0,0,8.02,28.08,71.74,0
7985.7,1.56,6.37,21.62,32.33,25.34,24.35,13.02,3.59,0.98,0.24,0,0,0,7.61,32.33,66.29,1.22
7996.05,1.72,6.79,21.19,29.77,25.63,26.26,14.16,3.3,0.62,0.12,0,0,0,8.5,29.77,69.34,0.74
8006.4,1.89,7.77,21.72,25.85,24.16,29.05,17.57,3.16,0.04,0,0,0,0,10.56,25.85,73.95,0.04
8016.76,2.25,8.87,23.3,21.15,23.23,31.03,20.54,3.88,0.03,0,0,0,0,11.66,21.15,78.67,0.03
8027.11,1.6,6.32,18.98,31.69,26.98,26.08,12.37,2.45,0.27,0,0,0,0,7.75,31.69,67.88,0.27
8037.46,2.44,9.45,23.44,18.86,22.47,32.81,21.86,3.65,0.09,0.12,0.01,0,0,12.17,18.86,80.78,0.21
8047.81,1.78,7.35,20.58,27.65,24.65,28.69,16.37,2.47,0.03,0,0,0,0,10.21,27.65,72.17,0.03
8058.16,1.21,5.02,20.66,41.19,23.37,19.55,11.24,3.55,0.72,0.24,0,0,0,4.43,41.19,57.7,0.96
8068.51,1.06,4.28,18.75,46.62,22.99,16.99,9.46,3.25,0.55,0,0,0,0,3.76,46.62,52.69,0.55
8078.86,1.1,5.06,21.05,41.37,22.65,19.69,11.51,3.91,0.72,0.01,0,0,0,5.3,41.37,57.76,0.73
8089.21,1.32,6.59,24.34,33.61,21.9,22.96,15.54,5.07,0.77,0.01,0,0,0,9.34,33.61,65.46,0.78
8099.56,1.28,6.35,23.54,34.41,22.48,22.74,14.82,4.76,0.58,0.06,0.01,0,0,8.39,34.41,64.8,0.65
8109.91,1.33,5.42,19.63,37.78,25.64,21.53,11.15,3.3,0.45,0,0,0,0,5.78,37.78,61.61,0.45
8120.27,1.55,4.97,15.9,39.2,29.78,20.48,7.97,1.87,0.44,0.09,0,0,0,4.88,39.2,60.1,0.53
8130.62,1.47,5.32,19.23,37.53,27.36,20.87,10.02,3.16,0.68,0.21,0.02,0,0,5.31,37.53,61.4,0.91
8140.97,1.55,8.18,36.23,28.97,19.48,21.35,17.31,9.09,3.08,0.59,0,0,0,11.1,28.97,67.23,3.66
8151.32,1.74,16.25,70.09,25.36,13.91,10.07,14.22,23.19,12.05,1.1,0,0,0,43.8,25.36,61.39,13.15
8161.67,1.52,5.31,18.64,37.52,27.42,21.22,10.31,2.81,0.44,0.12,0,0,0,5.05,37.52,61.75,0.56
8172.02,1.54,5.45,19.18,36.68,27.17,21.66,10.51,2.84,0.75,0.23,0,0,0,5.22,36.68,62.18,0.98
8182.37,1.32,5.52,23.42,37.94,23.57,19.93,12.46,4.62,1.07,0.27,0,0,0,4.92,37.94,60.58,1.33
8192.72,1.88,7.26,35.75,26.35,26.46,23.63,11.8,6.82,3.98,0.81,0,0,0,7.02,26.35,68.7,4.79
8203.07,1.12,4.38,17.48,45.55,24.63,17.67,8.47,2.46,0.77,0.3,0.01,0,0,4.11,45.55,53.23,1.07
8213.42,1.4,5.63,21.2,36.52,25.34,21.38,12.04,3.88,0.63,0.06,0,0,0,5.62,36.52,62.64,0.68
8223.78,1.37,6.05,23.81,34.87,23.88,21.72,13.32,4.77,1.11,0.18,0,0,0,6.34,34.87,63.68,1.3
8234.13,1.32,6.07,24.49,35.28,23.1,21.28,13.94,5.17,0.87,0.22,0,0,0,6.32,35.28,63.49,1.09
8244.48,,,,,,,,,,,,,,,,,
8254.83,,,,,,,,,,,,,,,,,
8265.18,,,,,,,,,,,,,,,,,
8275.53,,,,,,,,,,,,,,,,,
8285.88,,,,,,,,,,,,,,,,,
8296.23,,,,,,,,,,,,,,,,,
8306.58,,,,,,,,,,,,,,,,,
8316.93,,,,,,,,,,,,,,,,,
8327.29,,,,,,,,,,,,,,,,,
8337.64,,,,,,,,,,,,,,,,,
8347.99,,,,,,,,,,,,,,,,,
8358.34,,,,,,,,,,,,,,,,,
8368.69,,,,,,,,,,,,,,,,,
8379.04,,,,,,,,,,,,,,,,,
8389.39,,,,,,,,,,,,,,,,,
8399.74,,,,,,,,,,,,,,,,,
8410.09,,,,,,,,,,,,,,,,,
8420.44,,,,,,,,,,,,,,,,,
8430.8,,,,,,,,,,,,,,,,,
8441.15,,,,,,,,,,,,,,,,,
8451.5,,,,,,,,,,,,,,,,,
8461.85,,,,,,,,,,,,,,,,,
8472.2,,,,,,,,,,,,,,,,,
8482.55,,,,,,,,,,,,,,,,,
8492.9,,,,,,,,,,,,,,,,,
8503.25,,,,,,,,,,,,,,,,,
8513.6,,,,,,,,,,,,,,,,,
,,,,,,,,,,,,,,,,,
8534.31,1.34,5.97,24.91,35.8,23.07,20.89,13.42,5.35,1.13,0.2,0,0,0,6.1,35.8,62.72,1.33
8544.66,1.29,5.14,19.11,39.58,25.78,20.42,10.29,3.03,0.59,0.16,0,0,0,5.21,39.58,59.52,0.75
8555.01,1.27,5.61,23.89,37.9,22.81,20.16,12.83,4.89,0.93,0.3,0.03,0,0,5.38,37.9,60.69,1.27
8565.36,1.28,5.49,21.59,38.3,23.59,20.83,12.52,4.02,0.49,0.1,0,0,0,5.63,38.3,60.96,0.59
8575.71,1.25,5.72,24.61,37.7,22.24,20.51,12.6,4.86,1.37,0.57,0.03,0,0,6.41,37.7,60.2,1.96
8586.06,1.26,5.69,23.98,37.38,23.06,20.32,12.97,5.18,0.92,0.03,0,0,0,5.72,37.38,61.53,0.94
8596.41,1.09,5.26,26.06,40.8,20.87,18.32,12.31,5.5,1.7,0.38,0,0,0,4.81,40.8,56.99,2.08
8606.76,1.33,6.4,34.6,34.66,21.33,19.17,13.15,7.78,3.21,0.56,0.01,0,0,5.93,34.66,61.42,3.78
8617.11,1.27,6.37,27.71,34.84,21.42,20.7,14.72,6.3,1.62,0.27,0,0,0,7.05,34.84,63.13,1.89
8627.46,1.24,5.59,22.54,37.81,23.39,20.73,12.6,4.52,0.79,0.01,0,0,0,5.76,37.81,61.24,0.8
8637.82,1.19,4.48,20.93,44.92,23.21,16.73,9.77,4.09,1,0.14,0,0,0,3.62,44.92,53.8,1.14
8648.17,1.13,4.27,19.1,46.53,23.43,16.49,9.08,3.38,0.8,0.11,0.05,0,0,3.6,46.53,52.38,0.95
8658.52,1.3,3.81,11.01,51.08,29.53,14.96,4.15,0.11,0,0,0,0,0,3.72,51.08,48.75,0
8668.87,1.44,4.47,12.94,43.44,31,18.96,5.85,0.57,0,0,0,0,0,4.52,43.44,56.39,0
8679.22,1.62,5.29,15.26,36.41,30.76,23.17,8.67,0.82,0,0,0,0,0,5.58,36.41,63.41,0
8689.57,1.71,6.18,19.62,31.68,27.77,24.65,12.92,2.81,0,0,0,0,0,6.54,31.68,68.16,0
8699.92,1.67,6.08,18.35,32.08,28.4,25.27,11.92,2.14,0.03,0,0,0,0,6.79,32.08,67.73,0.03
8710.27,1.91,7.11,20.32,26.35,27.67,28.38,14.38,2.93,0.11,0,0,0,0,8.16,26.35,73.37,0.11
8720.62,1.6,11.39,78.4,25.66,15.99,14.62,14.52,15.16,9.77,3.31,0.79,0.07,0,5.92,25.66,60.29,13.94
8730.97,1.32,4.96,16.48,40.39,27.24,21.05,9.23,1.77,0.17,0,0,0,0,5.18,40.39,59.28,0.17
8741.33,1.5,6.79,25.24,31.59,23.15,23.32,15.08,5.2,1.21,0.31,0,0,0,8.29,31.59,66.75,1.51
8751.68,1.09,4.14,16.21,47.67,24.27,17.24,8.08,2.21,0.39,0,0,0,0,3.76,47.67,51.79,0.39
8762.03,1.17,4.14,16.82,47.6,24.23,16.71,8.41,2.37,0.49,0.04,0,0,0,3.51,47.6,51.72,0.53
8772.38,1.32,6.78,28.45,33.43,20.91,21.59,15.33,6.74,1.73,0.13,0,0,0,9.01,33.43,64.58,1.86
8782.73,1.37,7.78,50.29,31.21,18.76,19.28,14.5,8.22,5.3,1.94,0.55,0.11,0,9.05,31.21,60.77,7.9
8793.08,1.7,8.01,27.41,26.58,22.34,25.58,17.57,6.36,1.27,0.14,0.02,0,0,10.06,26.58,71.86,1.42
8803.43,1.33,6.09,23.26,35.07,23.45,22.15,13.58,4.52,0.83,0.23,0.03,0,0,7.07,35.07,63.7,1.08
8813.78,1.22,5.55,20.67,38.35,23.07,21.79,12.88,3.42,0.34,0.01,0,0,0,7.21,38.35,61.16,0.35
8824.13,1.26,5.94,22.83,36.27,22.92,22.05,13.09,4.16,0.98,0.35,0.05,0,0,7.59,36.27,62.22,1.37
8834.48,1.43,6.17,23.14,34.4,23.6,22.42,14.05,4.5,0.83,0.06,0,0,0,6.96,34.4,64.57,0.88
8844.84,1.33,5.56,21.11,37.15,25.03,21.22,11.87,3.9,0.66,0.02,0,0,0,5.67,37.15,62.03,0.68
8855.19,1.57,9.56,50.89,26.34,17.78,19.78,17.23,11.38,5.22,1.24,0.71,0.19,0,11.18,26.34,66.17,7.37
8865.54,1.38,8.19,47.54,29.93,18.53,20.56,15.55,7.54,4.08,2.19,1.27,0.24,0,10.74,29.93,62.18,7.77
8875.89,1.12,4.98,22.52,41.97,22.19,18.8,10.87,3.9,1.11,0.35,0.49,0.18,0,4.58,41.97,55.76,2.13
8886.24,1.25,5.86,21.25,36.56,23.18,22.53,13.49,3.39,0.42,0.21,0.06,0,0,7.71,36.56,62.6,0.69
8896.59,1.28,6.53,26.93,34,21.77,22.1,13.96,4.65,1.24,0.93,1.02,0.2,0,8.45,34,62.48,3.38
8906.94,1.47,8.81,75.18,28.41,17.95,21.29,16.35,4.88,5.42,5.46,0.11,0,0,12.9,28.41,60.47,10.99
8917.29,1.4,7.52,45.65,31.24,19.74,19.84,14.31,7.41,4.19,2.12,0.95,0.08,0,8.3,31.24,61.29,7.34
8927.64,1.42,7.55,31.84,30.56,20.36,22.13,16.4,7.06,2.16,1.05,0.17,0,0,10.16,30.56,65.94,3.37
8937.99,1.22,7.14,70.75,33.57,18.77,17.95,12.6,6.29,3.65,3.76,2.97,0.33,0,6.95,33.57,55.6,10.71
8948.35,1.5,6.81,27.77,32.15,22.29,22.15,15.03,6.27,1.61,0.37,0,0,0,8.04,32.15,65.74,1.97
8958.7,1.45,6.88,25.59,31.94,22.2,23.09,15.98,5.7,0.93,0.03,0,0,0,9.13,31.94,66.96,0.96
8969.05,1.59,6.49,23.97,32.14,24.29,22.77,15.07,5.06,0.51,0,0,0,0,6.51,32.14,67.2,0.51
,,,,,,,,,,,,,,,,,
,,,,,,,,,,,,,,,,,
,,,,,,,,,,,,,,,,,
9010.45,1.35,5.27,23.86,39.79,22.55,18.99,12.2,4.66,1.19,0.46,0.01,0,0,3.81,39.79,58.4,1.66
9020.8,2.16,14.79,83.4,19.17,13.99,18.3,19.28,14.3,10.51,4.03,0.32,0,0,17.71,19.17,65.87,14.86
9031.15,1.16,7.08,48.29,35.25,17.01,16.47,14.26,9.93,4.84,1.41,0.65,0.06,0,4.13,35.25,57.67,6.96
9041.5,1.28,6.43,30.34,34.96,20.85,19.95,14.45,7.07,2.24,0.33,0.02,0,0,6.72,34.96,62.32,2.6
9051.86,1.16,5.93,30.4,37.66,20.22,18.88,13.39,6.46,2.18,0.48,0.47,0.14,0,5.59,37.66,58.96,3.26
9062.21,1.21,6.91,48.47,34.68,18.44,17.21,13.36,8.96,4.95,1.62,0.63,0.05,0,5.49,34.68,57.96,7.24
9072.56,1.46,7.82,32.52,29.99,19.82,21.45,17.69,8.53,2,0.36,0.02,0,0,11.06,29.99,67.5,2.38
9082.91,1.34,7.71,34.54,30.83,19.41,21.46,16.38,8.33,2.83,0.58,0.04,0,0,10.44,30.83,65.59,3.46
9093.26,1.04,5.55,30.86,40.18,19.02,17.75,12.99,6.94,2.7,0.29,0,0,0,4.35,40.18,56.71,2.99
9103.61,1.01,4.83,23.84,43.03,21.74,17.5,11.03,5.07,1.46,0.03,0,0,0,4.39,43.03,55.35,1.49
9113.96,1.28,4.97,18.48,40.66,26.07,19.82,9.81,2.97,0.52,0,0,0,0,4.88,40.66,58.66,0.52
9124.31,1.24,5.01,18.94,40.52,25.68,19.87,10.03,3.15,0.59,0.01,0,0,0,5.02,40.52,58.73,0.59
9134.66,1.48,8.39,35.5,27.39,20.07,23.32,17.02,7.23,2.4,0.53,0.93,0.99,0,10.54,27.39,67.63,4.85
9145.01,1.91,6.89,25.43,27.82,27.05,23.9,14.22,5.84,1,0,0,0,0,6.51,27.82,71.02,1
9155.37,1.35,6.15,26.45,34.96,22.84,20.94,13.39,5.35,1.6,0.51,0.27,0,0,6.25,34.96,62.52,2.38
9165.72,1.44,7.6,34.41,30.51,20.16,21.07,16.37,8.06,2.54,0.79,0.33,0.03,0,9.39,30.51,65.67,3.69
9176.07,1.17,6.58,34.75,35.32,19.49,19.42,14.09,6.51,2.12,0.62,1.25,1.06,0,8.23,35.32,59.5,5.05
9186.42,1.15,5.52,24.68,38.81,22.21,19.66,12.4,5.32,1.39,0.08,0,0,0,5.67,38.81,59.59,1.47
9196.77,1.51,7.26,25.38,30.58,21.73,24.21,16.89,5.3,1.03,0.13,0,0,0,10.86,30.58,68.11,1.16
9207.12,1.45,6.41,22.97,33.08,23.86,23.42,14.22,4.39,0.81,0.06,0,0,0,7.78,33.08,65.9,0.87
9217.47,1.52,7.13,23.12,30.85,22.16,25.26,16.98,4.04,0.48,0.08,0,0,0,11.12,30.85,68.45,0.56
9227.82,1.19,5.5,25.08,39.66,20.8,19.54,12.95,5.32,1.32,0.27,0,0,0,6.7,39.66,58.61,1.59
9238.17,1.13,5,22.79,41.9,22.01,18.56,11.68,4.72,0.92,0.07,0,0,0,4.45,41.9,56.97,0.99
9248.52,1.36,5.59,20.34,37.27,24.62,22.06,11.7,3.31,0.84,0.06,0,0,0,6.41,37.27,61.69,0.9
9258.88,1.43,5.46,20.85,37.6,25.26,21.01,11.25,3.6,0.88,0.25,0,0,0,5.34,37.6,61.11,1.14
9269.23,1.44,6.16,22.49,34.38,23.89,22.98,13.35,4.12,0.96,0.17,0,0,0,7.6,34.38,64.35,1.13
9279.58,1.46,6.61,23.51,32.91,22.73,23.91,14.57,4.39,1.2,0.14,0,0,0,9.4,32.91,65.6,1.34
9289.93,1.36,6.39,26.07,34.94,21.2,21.56,14.92,5.53,1.39,0.32,0,0,0,9.26,34.94,63.2,1.72
9300.28,1.53,6.24,21.11,33.54,24.53,24.02,13.85,3.4,0.45,0.05,0,0,0,7.96,33.54,65.81,0.49
9310.63,2.21,7.36,18.96,23.01,29.83,31.52,12.19,2.17,0.82,0.25,0.04,0,0,8.36,23.01,75.71,1.1
9320.98,0.94,4.51,27.99,45.75,18.77,15.69,10.95,5.99,2.47,0.26,0,0,0,3.18,45.75,51.39,2.73
9331.33,1.27,6.92,31.5,33.31,20.26,20.97,15.09,6.66,1.87,0.33,0.87,0.51,0,9.13,33.31,62.98,3.58
9341.68,1.49,7.82,44.83,29.68,20.14,20.43,14.88,7.63,4.02,2.04,0.97,0.08,0,8.38,29.68,63.08,7.11
9352.03,1.35,6.68,25.77,33.2,21.8,22.43,15.6,5.8,1.03,0.01,0,0,0,8.94,33.2,65.62,1.04
9362.39,1.32,6.41,25.82,34.4,21.88,21.72,14.88,5.83,1.11,0.04,0,0,0,8.04,34.4,64.31,1.15
9372.74,1.45,6.74,25.98,32.7,22.03,22.42,15.78,5.87,0.93,0.13,0,0,0,8.63,32.7,66.1,1.06
9383.09,1.56,7.36,30.34,29.71,22.12,22.59,15.77,6.18,1.67,0.78,0.89,0.15,0,8.39,29.71,66.66,3.49
9393.44,1.71,7.98,28.25,27.26,21.83,24.11,18.54,7.37,0.74,0,0,0,0,10.25,27.26,71.85,0.74
9403.79,1.76,8.5,30.87,26.09,20.9,23.59,19.38,8.78,1.13,0,0,0,0,11.12,26.09,72.64,1.13
9414.14,1.23,5.56,22.45,38.22,22.89,20.75,12.81,4.41,0.79,0,0,0,0,5.9,38.22,60.85,0.79
9424.49,1.39,5.2,18.62,38.68,26.74,20.76,10.46,2.85,0.35,0,0,0,0,5.05,38.68,60.81,0.35
9434.84,1.47,6.83,25.47,31.43,23.22,23.54,14.77,5.47,1.34,0.1,0,0,0,8.29,31.43,66.99,1.44
9445.19,1.29,6.41,27,34.58,21.59,21.19,14.75,6.24,1.44,0.07,0,0,0,7.69,34.58,63.77,1.52
9455.54,1.38,5.94,29.42,36.16,22.38,19.09,12.98,6.7,2.36,0.19,0,0,0,4.79,36.16,61.15,2.54
9465.9,1.43,6.87,26.44,31.95,22.27,22.86,15.38,5.68,1.14,0.22,0.29,0.07,0,8.67,31.95,66.2,1.71
9476.25,1.34,7.05,31.81,32.55,20.45,21.17,15.3,6.55,1.78,0.51,1.09,0.46,0,9.2,32.55,63.48,3.84
9486.6,1.33,6.37,27.1,34.33,22.26,21.47,13.74,5.42,1.44,0.65,0.51,0.04,0,7.52,34.33,62.88,2.65
9496.95,1.32,6.31,27.13,34.68,22.19,21.14,13.84,6.1,1.79,0.12,0,0,0,7.17,34.68,63.27,1.91
9507.3,1.8,11.61,166.09,23.81,16.43,16.33,12.02,7.53,9.08,10.46,4.1,0.12,0,7.8,23.81,52.31,23.77
9517.65,1.47,8.27,37.96,28.91,19.23,20.88,17.17,9.72,3.08,0.46,0.32,0.1,0,10.34,28.91,67,3.96
9528,1.6,9.65,58.53,25.67,18.18,19.1,15.57,12.33,6.8,1.49,0.68,0.07,0,8.64,25.67,65.18,9.03
9538.35,1.37,6.68,30.43,33.45,21.33,20.77,14.61,7.08,2.1,0.49,0.03,0,0,7.53,33.45,63.78,2.63
9548.7,1.61,7.26,26.88,29.2,23.29,24.09,15.57,5.89,1.49,0.31,0,0,0,8.53,29.2,68.84,1.8
9559.05,1.89,7.32,25.03,27.37,24.99,25.65,15.15,4.95,1.35,0.39,0,0,0,8.41,27.37,70.74,1.74
9569.41,1.86,7.07,27.8,28.05,25.67,24.02,13.58,5.56,2.16,0.73,0.08,0,0,7.18,28.05,68.83,2.97
9579.76,1.68,6.47,23.27,31.21,25.9,23.63,13.35,4.67,1,0.08,0,0,0,6.8,31.21,67.55,1.08
9590.11,1.8,7.12,27.74,28.76,24.47,23.16,15.32,6.65,1.36,0.13,0,0,0,6.99,28.76,69.6,1.48
9600.46,2.27,16.28,191.82,18.89,14.87,15.29,11.95,8.81,11.19,13.62,5.25,0.03,0,8.4,18.89,50.92,30.09
9610.81,1.63,7.44,25.94,28.94,22.63,24.64,16.81,5.69,1.09,0.07,0,0,0,9.81,28.94,69.76,1.16
9621.16,1.38,7.08,29.02,32.03,20.94,21.83,16.21,7.01,1.7,0.13,0,0,0,9.34,32.03,65.99,1.84
9631.51,1.34,7.47,39.48,31.72,19.45,19.67,15.27,8.57,2.95,0.39,0.98,0.87,0,8.41,31.72,62.96,5.19
9641.86,1.31,6.58,28.13,33.9,21.43,21.14,14.97,6.6,1.69,0.13,0,0,0,7.77,33.9,64.14,1.82
9652.21,1.01,4.68,25.33,44.29,20.56,16.58,11.1,5.56,1.72,0.06,0,0,0,3.73,44.29,53.8,1.78
9662.56,1.58,9.62,125.07,27.05,17.44,17.09,12.04,7.26,8.99,7.55,2.2,0.26,0,7.59,27.05,53.84,19
9672.92,1.72,9.09,81.82,26.81,18.86,18.56,14.66,8.41,6.7,4.39,1.37,0.12,0,6.9,26.81,60.49,12.58
9683.27,1.26,4.8,19.02,42.14,24.93,18.97,10.08,3.23,0.5,0,0,0,0,4.27,42.14,57.21,0.5
9693.62,1.23,4.14,13.5,47.37,27.63,17.45,6.4,0.99,0,0,0,0,0,4.02,47.37,52.47,0
9703.97,0.89,3.01,13.41,59.82,20.5,11.42,5.22,2.19,0.72,0,0,0,0,2.66,59.82,39.33,0.72