Age,   Temp 
49981,-39.9694
49922,-39.8165
49868,-40.1018
49806,-40.2651
49746,-40.5505
49690,-40.4792
49635,-40.6523
49579,-41.0297
49521,-41.152
49470,-41.4679
49418,-41.5596
49358,-41.3661
49293,-41.4373
49228,-41.6921
49167,-43.1498
49095,-43.7514
49026,-43.5881
48964,-42.8847
48901,-42.8135
48833,-43.1905
48769,-43.792
48709,-44.0266
48638,-44.1896
48570,-44.2713
48499,-44.3731
48438,-44.2609
48377,-43.996
48317,-43.6798
48251,-43.6391
48189,-44.0266
48121,-44.1489
48059,-44.2713
47992,-44.8012
47930,-44.9031
47868,-44.9642
47805,-44.7502
47742,-45.1376
47687,-45.2294
47626,-44.4037
47567,-43.9245
47504,-44.4037
47429,-46.6667
47345,-47.4618
47283,-46.7789
47230,-44.7196
47184,-42.2936
47124,-42.5483
47064,-42.8645
47004,-42.7728
46949,-41.7942
46892,-42.1713
46826,-43.1905
46759,-44.2508
46702,-45.311
46638,-45.1376
46569,-44.7554
46482,-47.4924
46401,-49.2966
46312,-49.6535
46232,-49.5312
46153,-49.1896
46062,-49.5872
45977,-49.1232
45897,-48.889
45825,-47.9205
45759,-47.941
45693,-48.2364
45623,-48.9703
45558,-49.3578
45500,-49.0927
45440,-42.5306
45440,-44.8523
45398,-39.2049
45321,-35.8003
45277,-36.3914
45235,-36.9419
45189,-37.1177
45189,-37.4517
45145,-37.5382
45066,-37.8187
45025,-38.0939
44979,-37.8593
44933,-37.9511
44888,-38.522
44843,-38.6034
44799,-39.0214
44755,-39.2866
44714,-39.8266
44667,-39.837
44621,-39.8471
44580,-40.2346
44530,-40.3058
44477,-40.7239
44431,-40.367
44382,-40.367
44337,-40.5505
44294,-41.0398
44248,-41.5596
44202,-42.263
44149,-43.3128
44093,-44.0774
44041,-44.1489
43982,-43.5985
43925,-43.5679
43863,-44.3731
43808,-44.9236
43748,-45.3823
43687,-45.1376
43631,-45.4333
43570,-45.4841
43515,-46.0346
43451,-45.3517
43394,-44.3731
43343,-43.2621
43295,-44.8725
43241,-47.2988
43180,-49.582
43123,-50.3465
43069,-50.6829
43005,-50.6321
42943,-50.8257
42877,-51.3761
42814,-51.8349
42751,-52.0284
42686,-51.2437
42619,-48.0529
42572,-44.2303
42524,-41.5291
42479,-40.581
42431,-40.8052
42390,-40.1223
42347,-40.4486
42296,-40.8462
42246,-41.478
42196,-41.6208
42153,-41.3456
42100,-41.4578
42052,-42.5688
42002,-43.782
41946,-45.0153
41895,-45.4434
41840,-45.678
41783,-45.1275
41733,-45.5453
41683,-47.4413
41634,-49.8165
41582,-51.2437
41535,-51.1927
41471,-50.9275
41419,-50.4281
41363,-49.9694
41312,-49.2661
41261,-48.2263
41210,-44.944
41170,-42.0284
41129,-40.2957
41084,-40.9174
41047,-42.1508
41002,-43.0887
40954,-43.415
40903,-43.007
40861,-42.793
40819,-44.0673
40775,-45.9428
40726,-47.4924
40687,-49.4902
40644,-49.8777
40600,-50.7239
40558,-49.2761
40506,-49.3783
40460,-48.5832
40409,-48.1856
40357,-48.1346
40288,-46.6361
40232,-45.311
40172,-44.1284
40106,-46.0651
40044,-48.1346
39971,-50.3976
39890,-50.9633
39809,-51.0703
39716,-51.9878
39630,-51.9367
39551,-50.6575
39469,-49.9083
39385,-50.4434
39302,-50.4587
39221,-50.8052
39142,-50.7239
39064,-51.0297
38990,-51.3303
38909,-51.0602
38831,-50.2599
38749,-49.9899
38677,-49.7758
38603,-48.9092
38537,-48.2263
38470,-44.5667
38413,-41.0908
38358,-37.7982
38307,-37.319
38239,-37.4924
38170,-37.9817
38100,-38.6443
38031,-39.3578
37968,-39.3578
37905,-39.1132
37842,-39.215
37779,-38.8991
37722,-38.8685
37668,-39.0009
37612,-39.9694
37557,-40.4382
37507,-40.53
37452,-40.6829
37397,-40.6217
37342,-40.581
37285,-40.3058
37230,-40.3771
37181,-41.1009
37127,-41.5697
37073,-41.6208
37019,-41.5086
36965,-41.2844
36912,-41.5902
36860,-42.1612
36807,-43.1498
36747,-44.9746
36690,-45.5758
36629,-46.4119
36574,-46.6361
36519,-45.4229
36464,-44.6994
36414,-43.8125
36366,-44.4648
36312,-45.2089
36264,-47.1765
36209,-49.1336
36154,-50.3159
36099,-50.7645
36044,-51.3661
35981,-51.6208
35923,-51.2232
35865,-51.5086
35808,-52.9969
35744,-52.8339
35671,-52.5587
35609,-51.2232
35547,-50.9379
35485,-50.8563
35423,-50.5098
35362,-48.5728
35308,-45.0153
35270,-41.4168
35223,-40.2853
35185,-40.1122
35141,-40.9991
35100,-41.2743
35058,-41.2639
35010,-40.8156
34965,-41.3661
34922,-41.9572
34879,-43.3333
34830,-44.3119
34782,-45.5658
34733,-45.4434
34685,-45.2599
34629,-45.3416
34584,-45.7798
34534,-47.8798
34474,-49.1642
34415,-50.6422
34348,-50.3875
34284,-50.948
34224,-50.4893
34158,-50.163
34092,-49.4801
34026,-49.6229
33960,-49.3272
33894,-49.1844
33829,-49.3373
33759,-49.6229
33691,-46.952
33625,-43.1398
33558,-40.8868
33493,-41.6309
33425,-42.8034
33357,-42.9664
33289,-43.1092
33220,-43.945
33151,-45.6269
33082,-48.9196
33019,-51.2844
32951,-52.844
32883,-53.048
32815,-53.2416
32745,-53.048
32676,-52.2936
32609,-52.1612
32544,-51.3661
32476,-50.8868
32410,-48.0327
32346,-45.0459
32283,-41.6309
32221,-40.6933
32161,-40.9581
32099,-41.3661
32041,-42.3752
31981,-42.8034
31926,-43.9655
31866,-44.9236
31806,-46.3609
31746,-47.3599
31681,-48.6544
31619,-50.1018
31559,-51.0193
31497,-51.6921
31433,-51.4985
31369,-52.2324
31305,-52.0489
31241,-52.5177
31178,-52.3343
31113,-51.4985
31046,-51.4884
30980,-51.2743
30914,-52.1814
30852,-52.5587
30783,-51.7532
30721,-51.5596
30657,-49.6535
30596,-49.3884
30536,-49.2049
30468,-50.1734
30401,-50.8969
30336,-51.0092
30271,-52.3648
30206,-52.8746
30140,-53.0786
30070,-52.3954
30005,-53.1905
29938,-53.3028
29878,-53.2621
29817,-53.048
29744,-53.5933
29662,-52.5994
29586,-51.7226
29506,-51.478
29437,-50.8462
29375,-50.53
29315,-50.0511
29253,-50.948
29187,-50.5404
29125,-48.7361
29071,-44.6584
29028,-41.7125
28979,-39.0725
28929,-40.163
28881,-40.3771
28836,-41.7226
28789,-41.845
28742,-44.6278
28687,-47.37
28628,-50.5606
28578,-50.9275
28517,-49.8572
28455,-49.1336
28392,-49.5514
28325,-50.6422
28255,-51.3661
28181,-50.6728
28104,-50.367
28025,-48.318
27944,-45.2294
27882,-41.3557
27828,-38.267
27774,-38.7156
27720,-39.5924
27671,-40.8156
27614,-40.9786
27559,-43.1599
27489,-45.7187
27419,-48.6951
27346,-49.6025
27277,-49.419
27207,-48.5832
27145,-48.1141
27085,-48.7563
27018,-48.7055
26956,-48.6443
26892,-48.1245
26831,-48.7972
26768,-49.9899
26710,-49.3783
26647,-49.215
26583,-48.7156
26513,-49.4902
26445,-49.8471
26374,-49.0725
26309,-48.7361
26242,-47.3905
26175,-48.3385
26110,-48.522
26043,-50.2957
25973,-49.8572
25901,-49.7758
25831,-49.6431
25766,-51.3966
25700,-52.8135
25630,-53.5474
25563,-52.0896
25495,-50.418
25426,-49.6431
25361,-49.5413
25294,-50.0407
25229,-49.6942
25164,-48.9603
25099,-47.4211
25037,-47.4312
24976,-48.3997
24910,-51.0193
24841,-50.7239
24780,-51.5697
24714,-50.581
24653,-51.2538
24591,-49.3171
24531,-48.9603
24463,-48.5015
24401,-49.6125
24337,-50.5199
24267,-51.2639
24208,-52.4872
24153,-53.1499
24098,-53.415
24038,-53.3945
23986,-53.0887
23934,-52.8541
23874,-52.9257
23814,-52.3242
23753,-52.5177
23694,-51.152
23630,-51.2437
23566,-49.5312
23505,-47.8287
23444,-43.9755
23392,-42.2119
23341,-43.211
23297,-46.1468
23247,-48.9502
23185,-49.2966
23133,-49.47
23082,-47.7777
23028,-45.4333
22974,-43.8327
22926,-44.73
22871,-47.1459
22815,-48.1245
22763,-48.267
22707,-48.5526
22650,-49.0419
22595,-48.9398
22538,-48.1651
22481,-48.1856
22421,-48.889
22359.5,-49.47
22298.5,-48.8174
22251.5,-48.0021
22186.5,-47.4719
22138.5,-48.0835
22090.5,-48.6138
22035.5,-48.7055
21979.5,-49.1538
21916,-48.7869
21856,-49.2254
21793,-48.1346
21727,-49.0315
21671,-49.256
21612,-50.4893
21556,-49.9183
21502,-49.5514
21449,-49.0725
21396,-49.8572
21345,-50.4893
21292,-50.6321
21239,-49.6942
21191,-49.2355
21137,-48.9603
21087,-48.7972
21036,-48.3997
20982,-48.4609
20926,-48.0428
20877,-47.6248
20830,-47.2272
20774,-47.4719
20721,-46.585
20671,-45.5862
20621,-44.5055
20572,-45.5147
20526,-44.9541
20478,-45.0664
20425,-45.1275
20376,-46.7991
20331,-48.3691
20281,-48.3079
20233,-47.533
20188,-47.0236
20144,-46.4933
20099,-46.3609
20051,-45.7492
20007,-45.311
19954,-45.9226
19904,-45.9939
19858,-46.5749
19812,-45.9122
19761,-46.045
19708,-45.637
19658,-45.3517
19602,-45.0664
19560,-45.3211
19511,-45.4841
19466,-45.4028
19422,-45.0459
19382,-45.0664
19336,-44.6177
19293,-43.7309
19253,-42.9257
19210,-42.6606
19167,-42.9664
19126,-43.8431
19077,-43.8226
19033,-43.8327
18980,-43.2009
18927,-43.2722
18877,-43.6492
18819,-43.9349
18767,-43.3128
18715,-43.9144
18663,-44.4343
18610,-45.9838
18563,-45.1477
18514,-44.8523
18464,-43.5373
18408,-44.108
18360,-44.1385
18317,-44.4749
18266,-43.9755
18216,-43.6291
18165,-44.2914
18116,-44.689
18071,-44.4853
18019,-43.8838
17970,-43.3232
17920,-43.578
17869,-44.8725
17821,-45.8817
17776,-46.3202
17730,-45.7697
17684,-44.8113
17638,-44.2303
17593,-43.5168
17548,-44.73
17503,-44.6994
17458,-44.7502
17416,-43.8021
17374,-44.6584
17333,-44.7502
17284,-45.0229
17284,-44.6076
17245,-45.8181
17169,-47.7777
17127,-48.2162
17083,-47.6352
17042,-48.3691
16998,-47.4159
16998,-47.5229
16960,-47.0795
16919,-45.1453
16885,-45.734
16845,-45.2982
16813,-45.9404
16773,-47.3318
16740,-47.0872
16702,-47.5382
16662,-46.9037
16629,-47.0642
16553,-47.6352
16510,-47.2171
16465,-46.2997
16465,-46.6055
16389,-45.8104
16389,-45.4639
16348,-45.841
16314,-45.7034
16274,-46.1621
16236,-45.6957
16159,-45.5557
16115,-45.2193
16072,-45.6881
16033,-47.0948
15990,-48.481
15946,-49.2661
15946,-49.5413
15903,-48.8609
15825,-47.5434
15784,-46.626
15740,-47.1789
15740,-46.7073
15660,-47.4823
15618,-46.0245
15579,-44.9694
15579,-44.7606
15535,-45.3364
15500,-45.344
15420,-45.5046
15375,-45.1171
15333,-44.7706
15292,-44.1361
15292,-44.6789
15250,-43.4327
15214,-43.448
15176,-42.8899
15142,-43.6162
15108,-44.3425
15074,-44.6636
15035,-45.2141
15001,-45.107
14968,-45.2829
14932,-45.5581
14897,-45.0153
14860,-44.633
14824,-44.6713
14788,-44.5872
14749,-44.3043
14711,-42.8073
14688,-41.1621
14669,-38.267
14669,-38.9847
14648,-36.1061
14629,-34.6177
14612,-33.7055
14596,-33.1551
14580,-32.9795
14565,-32.2719
14548,-31.7737
14532,-32.1144
14516,-31.992
14500,-32.3765
14485,-32.7917
14470,-33.3281
14454,-34.1997
14436,-34.2713
14419,-34.5055
14401,-34.2303
14384,-34.1031
14369,-34.2813
14352,-34.256
14334,-34.3884
14318,-34.9388
14299,-35.8205
14281,-36.4168
14261,-37.2018
14244,-37.7012
14225,-38.1703
14206,-38.3893
14187,-38.3792
14171,-39.4291
14131,-40.3425
14110,-41.6024
14081,-42.6422
14051,-42.9908
14031,-41.792
14010,-40.8012
13988,-39.6697
13969,-39.0153
13947,-38.7829
13924,-39.3761
13902,-39.37
13882,-39.37
13862,-39.1795
13862,-39.2355
13841,-39.1437
13821,-38.9144
13802,-38.8939
13762,-39.0031
13742,-39.2294
13720,-40.1162
13697,-40.4771
13672,-40.526
13647,-40.0306
13625,-39.2966
13625,-39.6758
13605,-38.6034
13588,-38.4303
13547,-38.5138
13527,-39.0398
13504,-39.3211
13482,-39.6147
13460,-39.0581
13436,-39.578
13416,-39.9817
13393,-40.6055
13366,-41.2049
13344,-42.2569
13316,-43.3639
13291,-43.8165
13262,-45.0841
13236,-46.1774
13205,-46.2156
13173,-45.7645
13145,-45.0092
13122,-44.2569
13102,-43.1376
13079,-41.9083
13055,-41.5535
13035,-41.0703
13014,-41.156
12993,-41.3517
12973,-42.104
12948,-44.1208
12920,-45.9021
12887,-48.0428
12854,-49.2049
12817,-49.6483
12779,-49.5107
12745,-49.5489
12705,-50.13
12666,-49.7706
12628,-49.4878
12588,-48.9679
12550,-48.3945
12511,-48.1575
12475,-48.1881
12438,-48.3028
12401,-47.6758
12322,-47.5306
12322,-47.3801
12280,-47.2018
12246,-47.6223
12213,-47.7217
12174,-47.3471
12140,-46.9954
12104,-46.2844
12063,-46.5673
12029,-46.6132
11993,-46.4908
11959,-47.737
11922,-47.6911
11889,-47.6682
11857,-48.3028
11823,-47.1024
11790,-46.4679
11755,-46.8731
11723,-45.4358
11690,-44.3364
11666,-41.5342
11666,-42.4037
11647,-39.8676
11628,-37.8034
11611,-36.6413
11594,-36.152
11576,-36.3355
11558,-35.8969
11542,-35.8847
11527,-36.5226
11512,-36.6187
11496,-36.6361
11479,-37.3495
11462,-38.0428
11446,-38.7563
11427,-38.8125
11408,-39.4547
11389,-39.4242
11371,-38.7716
11354,-38.3945
11339,-37.7728
11324,-37.7459
11307,-36.422
11289,-36.3661
11274,-35.8061
11258,-35.4609
11243,-35.3954
11229,-35.4566
11213,-35.3691
11197,-35.4523
11180,-35.3911
11163,-35.9939
11149,-36.304
11135,-36.3914
11120,-36.0682
11101,-35.9327
11087,-36.208
11071,-36.2211
11057,-35.7361
11039,-35.618
11025,-35.3474
11011,-35.4523
10995,-35.404
10980,-35.1465
10965,-34.963
10951,-35.544
10937,-35.5352
10921,-35.5526
10891,-35.1263
10877,-35.0771
10862,-35.0468
10847,-35.0125
10833,-34.9272
10819,-34.8006
10819,-34.8495
10806,-34.6954
10792,-34.5911
10762,-34.3801
10762,-34.415
10747,-34.2847
10734,-34.204
10720,-34.1251
10706,-34.0437
10692,-33.9459
10678,-33.8551
10662,-33.7566
10648,-33.6404
10634,-33.5587
10620,-33.4807
10606,-33.389
10593,-33.3263
10580,-33.2725
10565,-33.2541
10551,-33.1918
10537,-33.1569
10522,-33.0783
10509,-33.0171
10494,-32.9755
10481.4,-32.9346
10468.3,-32.8847
10468.3,-32.9067
10452.8,-32.8578
10439.9,-32.8025
10439.9,-32.83
10428,-32.7609
10414.1,-32.6914
10401.6,-32.6119
10389.7,-32.5263
10364.3,-32.3982
10350.2,-32.2957
10336.3,-32.2064
10323.8,-32.1138
10313.2,-32.0223
10300.1,-31.9245
10288,-31.8275
10276.1,-31.7171
10264.1,-31.5973
10252.1,-31.4752
10239.2,-31.3544
10225.5,-31.2422
10212.4,-31.1572
10199.1,-31.0648
10186.2,-30.9667
10172.8,-30.8749
10172.8,-30.8982
10160.1,-30.8129
10147.4,-30.7434
10134.2,-30.678
10122.5,-30.6009
10111.3,-30.5419
10099.5,-30.5596
10075.9,-30.4835
10064.4,-30.415
10052.2,-30.4174
10028.4,-30.4391
10016.6,-30.4963
9996.27,-30.5627
9971.94,-30.4844
9925.33,-30.5437
9902.24,-30.6752
9879.68,-30.4648
9857.34,-30.333
9833.91,-30.422
9810.31,-30.3196
9786.86,-30.1003
9763.75,-29.9541
9741.41,-29.8489
9715.7,-29.8865
9693.74,-29.8596
9670.46,-29.9141
9646.99,-30.1771
9623.97,-30.4966
9601.42,-30.6119
9578.95,-30.6242
9555.97,-30.7177
9532.24,-30.6086
9510.04,-30.4691
9488.87,-30.3853
9468.09,-30.2707
9446.83,-30.237
9425.57,-30.1734
9407.56,-30.0664
9386.43,-30.0367
9365.93,-29.9826
9345.54,-29.9569
9323.18,-29.9703
9302.11,-30.0948
9281.42,-30.2263
9259.62,-30.1954
9238.01,-30.2703
9217.99,-30.2914
9198.88,-30.1385
9198.88,-30.1777
9177.55,-30.1407
9158.42,-30.0505
9139.06,-29.9547
9120.35,-29.9694
9100.9,-29.8447
9082.01,-29.5914
9061.15,-29.4456
9041.03,-29.5281
9020.86,-29.6547
9000.81,-29.6642
8980.44,-29.6404
8961.34,-29.6355
8941.96,-29.5777
8923.4,-29.4413
8903.58,-29.3893
8883.49,-29.4211
8862.39,-29.5147
8842.33,-29.6979
8821.89,-29.8682
8803.22,-29.8979
8785,-29.8242
8766.07,-29.7985
8747.69,-29.8171
8726.78,-29.8419
8707.61,-29.9208
8689.11,-30.0722
8670.76,-30.1621
8651.81,-30.1391
8632.64,-30.1798
8615.28,-30.1719
8597.35,-30.134
8577.52,-30.2165
8558.35,-30.3098
8538.61,-30.3911
8519.41,-30.4508
8499.25,-30.4508
8480.08,-30.381
8461,-30.3226
8442.56,-30.389
8424.04,-30.6043
8404.55,-30.9511
8384.56,-31.3673
8365.9,-31.7431
8348.58,-31.9529
8330.24,-32.0107
8309.8,-32.0798
8290.01,-32.1624
8269.13,-32.2388
8250.54,-32.3196
8229.97,-32.4
8210.54,-32.4422
8190.02,-32.2392
8171.05,-31.8086
8153.16,-31.3526
8136.41,-30.8758
8119.11,-30.7749
8100.59,-30.5459
8083.12,-30.5756
8064.42,-30.4052
8046.27,-30.2788
8029.02,-30.0864
8011.54,-29.9208
7993.18,-29.6408
7974.62,-29.2384
7957.05,-29.1308
7939.1,-29.1468
7921.31,-29.162
7903.58,-29.1612
7885.77,-29.1064
7868.34,-28.9236
7851.47,-28.7472
7834.54,-28.712
7817.32,-28.702
7800.33,-28.8588
7783.12,-28.8632
7765.15,-28.928
7746.95,-29.1532
7730.63,-29.1944
7713,-29.2832
7695.46,-29.3396
7678.21,-29.592
7659.86,-29.9088
7642.67,-30.0944
7625.59,-30.2704
7608.89,-30.2936
7592.48,-30.2872
7574.75,-30.1288
7556.58,-30.0988
7539.59,-30.2796
7522.2,-30.308
7504.61,-30.2656
7487.72,-30.1256
7471.27,-30.1188
7454.05,-30.0108
7436.69,-29.8072
7419.69,-29.8564
7403.22,-29.9776
7386.32,-30.15
7369.07,-30.2812
7351.3,-30.472
7333.72,-30.5724
7318,-30.5712
7299.9,-30.6744
7282.23,-30.78
7265.27,-30.976
7247.15,-31.1212
7230.45,-31.2596
7213.19,-31.42
7197.45,-31.4364
7180.52,-31.2808
7163.51,-31.132
7145.8,-31.1032
7125.35,-30.9636
7112.32,-30.9768
7095.19,-30.9452
7077.94,-30.6828
7060.31,-30.474
7043.23,-30.3196
7043.23,-30.2892
7008.94,-29.916
6991.52,-29.4676
6974.97,-29.1308
6974.97,-29.1676
6958.35,-29.0596
6942.31,-28.9184
6925.52,-28.8252
6909.89,-28.9756
6893.93,-28.9868
6877.12,-28.9944
6860.83,-29.226
6843.55,-29.4084
6826.14,-29.4184
6809.46,-29.434
6792.28,-29.6656
6776.29,-29.9692
6759.23,-30.124
6743.47,-30.3368
6727.16,-30.6172
6711.02,-30.8472
6695.54,-30.9736
6679.15,-30.9364
6663.22,-30.9104
6647.79,-30.8988
6632.07,-30.8152
6615.83,-30.89
6600.5,-31.0988
6585.25,-31.0852
6569.5,-30.9204
6553.45,-30.9136
6538.22,-30.9756
6521.76,-30.8692
6505.69,-30.7032
6489.84,-30.5572
6469.42,-30.5268
6454.1,-30.6648
6441.71,-30.786
6426.44,-30.8764
6411.31,-30.9712
6395.76,-30.9984
6380.53,-30.8852
6365.1,-30.8764
6348.87,-30.9292
6333.71,-30.8388
6318.32,-30.7548
6301.84,-30.7268
6285.33,-30.8376
6268.72,-31.1204
6253.05,-31.1336
6236.64,-30.9564
6220.51,-30.928
6205.87,-30.8952
6191.86,-30.8152
6176.14,-30.6684
6160.34,-30.648
6144.18,-30.6424
6127.64,-30.5828
6111.94,-30.5184
6096.23,-30.658
6080.86,-30.766
6065.53,-30.7188
6050.12,-30.6112
6034.96,-30.3616
6020.9,-30.2136
6005.96,-30.3084
5990.83,-30.3368
5975.73,-30.286
5960.34,-30.2208
5945.35,-30.308
5930.39,-30.4052
5915.58,-30.4428
5900.23,-30.5388
5884.49,-30.6264
5869.23,-30.5912
5854.63,-30.5316
5839,-30.4672
5822.53,-30.5928
5807.73,-30.702
5791.24,-30.5328
5775.28,-30.4208
5759.66,-30.402
5743.86,-30.4028
5727.68,-30.34
5711.58,-30.2144
5696.51,-30.2084
5681.31,-30.1428
5665.74,-30.0268
5650.76,-29.9324
5636.04,-29.9068
5621.63,-30.0264
5606.92,-30.0888
5591.89,-30.0256
5577.43,-30.0928
5562.37,-30.2972
5547.42,-30.4972
5532.12,-30.7296
5517.17,-30.8612
5502.54,-30.9024
5488.24,-31.0236
5473.04,-31.1188
5458.68,-31.2252
5444.33,-31.398
5431.01,-31.5164
5417.21,-31.5168
5402.91,-31.4604
5389.14,-31.49
5375,-31.4068
5360.25,-31.2688
5345.5,-30.9896
5327.44,-30.656
5302.05,-30.4916
5288.29,-30.3996
5274.77,-30.274
5260.47,-30.1524
5246.23,-30.1508
5231.62,-30.1988
5217.73,-30.0732
5217.73,-30.1352
5203.57,-29.9588
5189.44,-30.0092
5175.77,-29.9844
5161.82,-29.972
5147.63,-30.114
5134.25,-30.1728
5120.67,-30.3256
5106.08,-30.3864
5092.19,-30.2488
5079,-30.25
5065.91,-30.3268
5051.63,-30.3712
5037.89,-30.1796
5023.75,-29.9024
5009.9,-29.9044
4996.37,-30.0832
4983.65,-30.2272
4970.54,-30.24
4957.43,-30.2396
4943.26,-30.3604
4930.74,-30.526
4917.32,-30.6044
4904.08,-30.7664
4891.2,-30.8236
4878.31,-30.888
4857.74,-31.002
4851.13,-31.0276
4835.94,-31.0256
4824.09,-31.1784
4811.47,-31.6268
4798.21,-31.9264
4784.46,-31.9276
4771.06,-31.9772
4759.2,-32.0408
4744.97,-31.99
4731.85,-31.9392
4719.55,-31.8592
4706.96,-31.7636
4692.71,-31.6804
4680.99,-31.524
4667.28,-31.492
4654.35,-31.5604
4641.13,-31.546
4628.65,-31.6288
4615.38,-31.7592
4602.61,-31.5564
4588.79,-31.262
4575.88,-31.1792
4562.99,-31.1496
4549.61,-31.0936
4536.26,-31.0408
4520.62,-31.1728
4510.66,-31.4524
4498.01,-31.4992
4485.59,-31.4972
4473.02,-31.4716
4460.16,-31.5024
4445.44,-31.4752
4433.29,-31.3324
4421.79,-31.19
4409.16,-31.0648
4395.9,-31.026
4380.4,-31.0964
4370.44,-31.0528
4357.67,-30.9476
4345.21,-30.9116
4332.97,-30.8104
4320.07,-30.7604
4307.31,-30.6972
4294.27,-30.4428
4294.27,-30.4512
4269.11,-30.2252
4256.79,-30.1116
4244.4,-30.1632
4231.73,-30.184
4219.28,-30.2096
4207.52,-30.3596
4195.07,-30.4828
4182.43,-30.4568
4168.17,-30.3596
4156.14,-30.2968
4143.78,-30.3044
4130.1,-30.3132
4117.8,-30.3648
4103.32,-30.4428
4092.09,-30.5092
4079.96,-30.6284
4067.09,-30.6292
4054.4,-30.7012
4041.61,-30.9116
4029.42,-30.9148
4016.89,-30.9952
4016.89,-30.914
3989.62,-31.0708
3989.62,-31.0932
3978.73,-31.0604
3966.47,-31.088
3953.67,-31.1632
3941.72,-31.2308
3929.05,-31.2212
3916.43,-31.1752
3904.87,-31.1772
3888.3,-31.156
3880.09,-31.09
3867.21,-31.0388
3855.57,-31.046
3843.79,-31.0768
3832.18,-31.008
3817.44,-30.85
3808.16,-30.7912
3796.01,-30.768
3784.02,-30.5568
3772.06,-30.5124
3759.66,-30.3796
3747.26,-30.2676
3736.11,-30.2116
3725.29,-30.2644
3713.43,-30.3912
3701.28,-30.476
3688.97,-30.396
3676.9,-30.2796
3665.17,-30.1136
3651.83,-29.9384
3636.24,-29.896
3626.31,-29.8404
3617.51,-29.7988
3605.74,-29.9812
3581.58,-30.1548
3569.09,-30.2572
3557.81,-30.3464
3544.95,-30.4848
3533.88,-30.5792
3522.52,-30.5624
3510.28,-30.4036
3491.26,-30.3076
3462.06,-30.2792
3449.34,-30.1524
3437.44,-30.09
3425.56,-30.104
3410.73,-30.0736
3402.28,-30.068
3390.53,-30.042
3378.68,-29.9108
3378.68,-30.0028
3367.37,-29.7116
3354.72,-29.6492
3343.2,-29.7272
3331.11,-29.5372
3320.32,-29.152
3308.47,-28.8592
3297.07,-28.748
3286.1,-28.802
3274.39,-28.912
3260.18,-28.9916
3248.64,-29.046
3237.71,-29.1308
3227.61,-29.27
3214.58,-29.4428
3204.03,-29.52
3193.2,-29.5512
3181.11,-29.6084
3169.81,-29.6896
3158.23,-29.8252
3145.54,-29.982
3133.29,-30.0836
3120.79,-30.1508
3108.03,-30.3016
3096.39,-30.5932
3085.33,-30.7972
3074.77,-30.8804
3064.01,-30.7688
3053.23,-30.614
3042.36,-30.7092
3042.36,-30.6628
3031.62,-30.682
3020.42,-30.6904
3009.57,-30.6812
2998.08,-30.6104
2986.84,-30.55
2976.28,-30.5716
2965.84,-30.584
2955.23,-30.6136
2944.18,-30.6144
2933.49,-30.5792
2922.35,-30.5196
2911.65,-30.5196
2900.92,-30.598
2889.76,-30.5576
2879.13,-30.4768
2867.95,-30.4336
2856.28,-30.4556
2847.42,-30.5444
2837.09,-30.55
2826.89,-30.5648
2816.16,-30.6324
2805.21,-30.6812
2794.7,-30.7616
2783.87,-30.8692
2771.79,-30.9504
2758.7,-30.9428
2747.92,-30.9668
2737.76,-30.9512
2726.15,-30.9
2715.62,-30.8152
2704.38,-30.6768
2693.78,-30.5832
2682.8,-30.4736
2672.43,-30.5204
2661.91,-30.716
2651.62,-30.7888
2641.07,-30.7968
2630.55,-30.7356
2619.46,-30.7372
2608.55,-30.8228
2597.45,-30.8524
2586.38,-30.8808
2574.83,-30.894
2564.17,-30.8272
2553.75,-30.7632
2541.44,-30.708
2530.11,-30.534
2521.09,-30.356
2510.66,-30.3288
2499.88,-30.3548
2478.1,-30.3908
2478.1,-30.3904
2467.62,-30.3972
2457.24,-30.3252
2441.8,-30.296
2434.01,-30.3168
2426.53,-30.3708
2413.46,-30.468
2405.58,-30.5296
2394.24,-30.4764
2372.52,-30.1732
2372.52,-30.2732
2364.83,-30.1556
2354.5,-30.1232
2354.5,-30.0996
2333.94,-30.0964
2323.76,-30.1432
2313.78,-30.3012
2303.03,-30.4748
2292.93,-30.682
2292.93,-30.608
2272.97,-30.7688
2263.02,-30.6676
2252.95,-30.5556
2242.9,-30.584
2233.14,-30.5716
2222.78,-30.3908
2212.42,-30.2
2202.31,-30.0324
2192.24,-29.99
2181.81,-29.984
2170.28,-30.024
2159.4,-30.116
2149.19,-30.1064
2139.09,-30.016
2127.76,-29.8812
2116.16,-29.8368
2108.36,-29.7792
2099.3,-29.7492
2088.46,-29.6832
2078.94,-29.6412
2068.24,-29.5708
2057.1,-29.6404
2046.14,-29.8372
2046.14,-29.7996
2033.56,-29.8748
2019.23,-29.8624
2016.53,-29.9572
2006.87,-30.1052
1997.41,-30.21
1987.76,-30.23
1977.99,-30.2448
1968.49,-30.2532
1958.56,-30.308
1946.08,-30.312
1940.26,-30.4624
1931.07,-30.5908
1922.03,-30.8292
1912.45,-30.9324
1901.98,-31.0352
1892.14,-31.1048
1881.88,-31.1904
1871.47,-31.2044
1862.51,-31.2244
1842.87,-31.1384
1833.3,-31.0452
1823.15,-31.0444
1811.42,-31.0492
1800.35,-30.9844
1789.71,-30.9284
1780.29,-30.9572
1769.2,-31.0356
1759.46,-31.062
1749.62,-31.06
1739.28,-31.0952
1728.94,-31.038
1718.93,-31.1236
1709.41,-31.0372
1699.48,-31.0616
1688.81,-30.9292
1688.81,-31.054
1678.68,-30.784
1668.52,-30.6744
1659.27,-30.6032
1649.24,-30.548
1639.27,-30.5144
1620.76,-30.4744
1615.43,-30.6036
1610.08,-30.6912
1586.1,-30.8248
1586.1,-30.8028
1581.2,-30.8528
1570.94,-30.8684
1561.5,-30.8536
1514.86,-30.406
1505.24,-30.6132
1495.5,-30.8616
1484.54,-30.972
1474.77,-31.0504
1465.24,-31.1224
1455.17,-31.2064
1375.5,-31.3372
1365.15,-31.4136
1356.1,-31.6064
1356.1,-31.54
1346.97,-31.678
1337.92,-31.8216
1329.46,-31.8756
1320.75,-31.8148
1312.23,-31.7416
1312.23,-31.7568
1304.04,-31.79
1304.04,-31.7968
1295.24,-31.7312
1295.24,-31.7696
1285.9,-31.8288
1285.9,-31.7664
1276.08,-31.8824
1266.91,-31.914
1258.01,-31.9184
1249.54,-32
1241.54,-32.0588
1232.59,-32.142
1224,-32.1616
1214.72,-32.1728
1206.26,-32.1876
1197.94,-32.1568
1188.87,-32.1312
1180.46,-32.0592
1173.28,-31.9684
1164.76,-31.8344
1155.86,-31.666
1147.35,-31.6168
1139.04,-31.5872
1130.51,-31.5652
1121.25,-31.45
1113.06,-31.3228
1104.13,-31.26
1095.54,-31.2252
1086.41,-31.1968
1077.16,-31.1404
1068.18,-31.0812
1059.27,-31.0876
1051.26,-31.0816
1042.65,-31.0792
1033.73,-30.986
1024.98,-30.886
1016.75,-30.7436
1008.06,-30.7012
998.549,-30.6752
990.328,-30.6732
981.625,-30.6348
973.903,-30.5276
964.939,-30.4628
955.867,-30.4956
947.684,-30.6236
939.188,-30.8272
931.148,-30.9288
922.222,-31.0276
912.228,-31.2084
903.091,-31.2616
895.097,-31.2776
886.462,-31.2496
878.411,-31.3224
869.22,-31.378
860.838,-31.3844
852.799,-31.3656
844.395,-31.36
835.738,-31.3444
826.615,-31.3156
816.94,-31.3132
807.722,-31.3456
798.428,-31.3748
789.362,-31.3852
779.45,-31.4508
769.708,-31.5472
760.574,-31.7144
751.827,-31.9024
742.976,-31.9956
733.744,-31.9744
724.727,-31.8896
716.254,-31.8296
707.583,-31.8088
698.622,-31.7436
689.778,-31.7204
681.144,-31.6588
672.368,-31.7012
663.814,-31.7732
655.271,-31.7816
646.9,-31.7244
638.325,-31.7176
629.783,-31.7896
621.464,-31.8316
613.338,-31.8792
604.848,-31.9144
596.972,-31.9488
588.184,-31.99
579.811,-32.016
571.734,-32.0312
563.878,-32.0128
555.786,-31.9472
546.961,-31.9024
538.161,-31.8108
529.979,-31.8076
519.61,-31.8444
510.547,-31.8584
502.128,-31.884
493.906,-31.8572
485.86,-31.8772
477.154,-31.885
468.21,-31.942
460.146,-31.9889
452.151,-32.0243
444.124,-31.9648
444.124,-32.0093
435.395,-31.9591
426.195,-31.9385
417.837,-31.9126
409.803,-31.9187
402.092,-31.942
393.705,-31.9715
385.137,-31.9926
377.252,-31.9811
369.36,-31.9811
361.642,-31.9876
354.187,-32.005
346.279,-32.037
338.479,-32.0848
330.199,-32.0848
322.114,-32.0898
314.683,-32.0339
307.306,-32.0133
299.88,-32.0013
292.523,-31.988
292.523,-32.0024
284.122,-32.0002
275.943,-32.0267
268.471,-32.072
261.287,-32.0807
253.461,-32.0337
245.663,-32.0117
238.562,-32.0213
231.056,-32.0263
223.068,-32.0254
215.304,-32.0128
208.106,-32.0198
200.585,-32.022
200.585,-32.0291
193.605,-31.9954
186.623,-31.9689
179.421,-31.9872
171.847,-32.038
165.464,-32.0241
159.38,-31.9559
152.263,-31.8415
152.263,-31.8813
145.126,-31.8098
138.807,-31.7583
132.407,-31.7235
125.451,-31.6656
119.205,-31.6002
119.205,-31.598
113.149,-31.6026
107.13,-31.622
95.1409,-31.5913