Age,Depth,G. bulloides δ18O,G. bulloides δ13C,N. pachyderma s,Qz,Carb detr,Volcanic,Foram,IRD,Terr mine,SST sum,Foram plankt arctic,Foram plankt subpolar,Foram plankt subtropical,Foram plankt subtropica,Foram plankt tropical
0.000,0.02,0.27,-0.45,1.29,0.31,0.00,0.00,97.82,0.31,560,18.7,1.29,52.58,39.68,6.13,0.32
269.000,0.05,0.49,-0.55,0.86,0.12,0.00,0.00,96.97,0.12,1625,17.9,0.86,56.67,37.09,4.90,0.49
537.000,0.08,0.23,-0.36,0.51,0.00,0.00,0.00,98.07,0.00,426,18.2,0.51,57.91,36.22,4.59,0.77
806.000,0.11,0.63,-0.41,0.52,6.30,0.00,0.00,83.19,6.30,5333,18.3,0.52,58.22,36.29,3.92,1.04
1074.000,0.14,0.30,-0.37,0.76,0.00,0.00,0.00,82.00,0.00,5357,18.4,0.76,60.71,35.52,2.77,0.25
1343.000,0.17,0.25,-0.38,1.05,0.00,0.00,0.00,98.00,0.00,735,18.2,1.05,52.51,41.21,3.97,1.26
1611.000,0.20,0.32,-0.49,0.32,0.14,0.00,0.00,87.45,0.14,5412,19.0,0.32,51.50,44.71,2.84,0.63
1880.000,0.23,0.13,-0.49,1.32,0.30,0.00,0.00,91.12,0.30,3571,18.8,1.32,51.32,38.74,7.95,0.66
2148.000,0.26,0.07,-0.53,0.93,0.00,0.00,0.00,91.19,0.00,2471,18.2,0.93,58.70,32.48,7.66,0.23
2417.000,0.29,0.35,-0.54,0.66,0.00,0.00,0.00,99.14,0.00,323,17.4,0.66,58.21,36.32,4.38,0.44
2685.000,0.32,0.18,-0.53,0.95,0.00,0.00,0.00,99.08,0.00,370,18.3,0.95,58.16,35.50,4.44,0.95
2954.000,0.35,0.48,-0.60,0.75,0.00,0.00,0.00,99.03,0.00,1111,17.9,0.75,58.21,34.20,6.59,0.25
3222.000,0.38,0.18,-0.69,1.51,0.00,0.00,0.00,100.00,0.00,0,18.8,1.51,53.45,35.78,7.97,1.29
3491.000,0.41,0.27,-0.52,1.74,0.12,0.00,0.00,99.03,0.12,1026,18.6,1.74,57.69,35.98,4.22,0.37
3759.000,0.44,0.35,-0.55,0.79,0.00,0.00,0.00,98.10,0.00,714,17.5,0.79,58.38,35.50,5.13,0.20
4028.000,0.47,0.30,-0.58,2.10,0.00,0.00,0.00,98.21,0.00,800,18.4,2.10,53.74,39.49,4.44,0.23
4297.000,0.50,0.44,-0.54,1.05,0.74,0.00,0.00,96.04,0.74,1481,17.7,1.05,57.33,37.43,3.93,0.26
4565.000,0.53,0.46,-0.74,2.68,0.28,0.00,0.00,96.02,0.28,660,18.4,2.68,52.08,39.58,5.36,0.30
4834.000,0.56,0.33,-0.57,4.48,0.34,0.00,0.00,95.97,0.34,2667,18.7,4.48,51.43,38.89,4.66,0.54
5102.000,0.59,0.56,-0.43,3.17,0.80,0.00,0.00,93.31,0.80,4468,17.9,3.17,60.56,31.69,4.23,0.35
5371.000,0.62,0.52,-0.50,4.18,0.16,0.00,0.00,90.97,0.16,3836,18.7,4.18,56.00,35.82,3.64,0.36
5639.000,0.65,0.26,-0.65,5.95,0.32,0.00,0.00,91.96,0.32,5435,18.5,5.95,53.87,36.22,3.60,0.36
5908.000,0.68,0.48,-0.46,5.86,0.44,0.00,0.00,94.67,0.44,2857,17.9,5.86,57.65,32.57,3.91,0.00
6176.000,0.71,0.39,-0.64,5.20,0.37,0.00,0.00,92.69,0.37,7407,18.5,5.20,54.26,37.01,2.91,0.62
6445.000,0.74,0.60,-0.67,8.41,1.42,0.00,0.00,90.93,1.42,2909,17.7,8.41,57.93,30.10,3.56,0.00
6713.000,0.77,0.59,-0.51,6.95,0.85,0.00,0.00,90.70,0.85,3143,18.6,6.95,49.63,38.46,4.71,0.25
6982.000,0.80,0.42,-0.58,5.09,0.00,0.00,0.00,95.21,0.00,2034,18.4,5.09,56.64,34.29,3.98,0.00
7250.000,0.83,0.66,-0.62,5.47,0.40,0.00,0.00,94.34,0.40,4667,18.6,5.47,56.24,31.73,6.13,0.44
7519.000,0.86,0.43,-0.56,3.76,1.10,0.00,0.00,92.09,1.10,4390,18.8,3.76,57.39,33.83,4.76,0.25
7788.000,0.89,0.68,-0.45,4.04,0.00,0.00,0.00,91.51,0.00,3902,17.8,4.04,66.77,26.09,3.11,0.00
8056.000,0.92,0.80,-0.64,4.87,0.40,0.00,0.00,91.53,0.40,2727,18.1,4.87,60.09,31.79,2.78,0.46
8325.000,0.95,0.76,-0.62,5.14,1.08,0.00,0.00,91.71,1.08,1411,18.1,5.14,59.05,32.10,3.29,0.41
8593.000,0.98,0.89,-0.71,8.02,1.35,0.00,0.00,88.76,1.35,5319,18.0,8.02,58.56,31.55,1.87,0.00
8862.000,1.01,0.77,-0.58,8.52,0.85,0.00,0.00,89.86,0.85,4186,17.8,8.52,53.44,35.41,2.30,0.33
9130.000,1.04,0.62,-0.71,9.11,0.16,0.00,0.00,92.86,0.16,4340,17.8,9.11,57.32,29.64,3.57,0.36
9399.000,1.07,0.90,-0.63,7.64,0.58,0.00,0.00,89.81,0.58,3284,17.8,7.64,56.67,30.56,4.86,0.28
9667.000,1.10,0.68,-0.73,8.58,0.61,0.00,0.00,91.68,0.61,3445,17.8,8.58,59.93,26.20,4.70,0.59
9936.000,1.13,0.84,-0.67,6.73,0.51,0.00,0.00,92.92,0.51,5385,18.6,6.73,58.08,30.58,4.04,0.58
10204.000,1.16,0.67,-0.73,7.53,0.50,0.00,0.00,91.36,0.50,3095,17.8,7.53,58.88,28.57,4.63,0.39
10473.000,1.19,0.88,-0.68,6.92,1.43,0.00,0.00,90.59,1.43,3651,17.7,6.92,62.29,26.01,4.53,0.24
10741.000,1.22,0.76,-0.83,7.09,0.63,0.00,0.00,96.22,0.63,1111,18.8,7.09,54.61,34.52,3.78,0.00
11010.000,1.25,0.85,-0.90,5.28,0.55,0.00,0.00,96.67,0.55,1023,18.3,5.28,59.35,31.10,4.27,0.00
11278.000,1.28,0.71,-0.84,6.33,0.55,0.00,0.00,95.58,0.55,2308,17.7,6.33,61.22,28.37,4.08,0.00
11547.000,1.31,0.75,-0.71,7.79,0.19,0.00,0.00,96.90,0.19,457,15.9,7.79,62.53,25.26,4.21,0.21
11678.000,1.34,1.07,-0.57,12.02,0.45,0.00,0.00,95.96,0.45,1132,16.0,12.02,60.74,23.07,4.17,0.00
11809.000,1.37,1.54,-0.57,8.63,0.15,0.00,0.00,95.58,0.15,1364,19.7,8.63,51.79,35.18,4.40,0.00
11940.000,1.40,1.43,-0.48,9.70,0.34,0.00,0.00,96.83,0.34,1707,16.1,9.70,53.86,32.34,4.10,0.00
12070.000,1.43,1.30,-0.43,14.76,0.15,0.00,0.00,95.14,0.15,2424,15.3,14.76,58.16,23.26,3.82,0.00
12201.000,1.46,1.36,-0.44,11.42,0.41,0.00,0.00,97.73,0.41,1250,14.6,11.42,59.20,27.05,2.22,0.11
12332.000,1.49,1.39,-0.31,10.14,0.00,0.00,0.00,96.44,0.00,1286,15.1,10.14,55.86,29.73,4.28,0.00
12463.000,1.52,1.70,-0.55,11.36,0.17,0.00,0.00,96.87,0.17,1139,19.1,11.36,53.79,32.20,2.65,0.00
12689.000,1.55,1.51,-0.58,11.17,0.13,0.00,0.00,97.04,0.13,1068,16.1,11.17,59.89,26.36,2.58,0.00
12914.000,1.58,1.49,-0.72,8.51,0.00,0.00,0.00,97.42,0.00,776,15.9,8.51,61.85,26.75,2.89,0.00
13140.000,1.61,1.26,-0.60,9.43,0.28,0.00,0.00,94.63,0.28,3372,16.8,9.43,59.54,27.78,3.25,0.00
13441.000,1.64,,,8.85,0.11,0.00,0.00,97.12,0.11,1566,17.0,8.85,59.98,28.57,2.60,0.00
13741.000,1.67,,,9.62,0.17,0.00,0.00,97.77,0.17,1193,17.9,9.62,59.62,27.84,2.93,0.00
14042.000,1.70,,,9.76,0.17,0.00,0.00,97.94,0.17,984,17.2,9.76,60.40,26.94,2.89,0.00
14267.000,1.73,1.06,-0.60,7.54,1.03,0.00,0.00,96.49,1.03,2024,16.8,7.54,63.19,28.05,1.22,0.00
14493.000,1.76,1.13,-0.79,6.96,0.19,0.00,0.00,98.26,0.19,703,16.5,6.96,60.49,29.79,2.66,0.10
14643.000,1.79,1.43,-0.57,10.44,0.00,0.00,0.00,95.77,0.00,1358,18.4,10.44,59.92,26.10,3.55,0.00
14668.000,1.82,1.98,-0.28,17.04,0.33,0.00,0.00,97.15,0.33,1193,14.9,17.04,61.26,20.42,1.28,0.00
14743.000,1.85,1.72,-0.36,9.39,0.61,0.00,0.00,96.35,0.61,759,15.1,9.39,65.70,21.36,3.56,0.00
14818.000,1.88,1.72,-0.33,12.64,0.00,0.00,0.00,97.62,0.00,737,14.8,12.64,63.54,21.12,2.71,0.00
14893.000,1.91,1.70,-0.59,11.23,0.34,0.00,0.00,97.28,0.34,597,16.3,11.23,62.32,23.55,2.54,0.36
14968.000,1.94,1.80,-0.50,15.21,1.03,0.00,0.00,94.83,1.03,2222,15.6,15.21,57.18,24.79,2.82,0.00
15043.000,1.97,1.87,-0.68,21.74,0.86,0.00,0.00,95.42,0.86,1429,9.6,21.74,51.86,25.47,0.93,0.00
15118.000,2.00,1.68,-0.59,11.46,0.52,0.00,0.00,97.38,0.52,746,14.4,11.46,65.04,22.64,0.86,0.00
15193.000,2.03,1.70,-0.68,18.05,1.37,0.00,0.00,95.44,1.37,2564,16.4,18.05,54.89,25.06,1.75,0.25
15268.000,2.06,1.69,-0.64,20.75,1.08,0.00,0.00,96.54,1.08,2424,14.7,20.75,55.42,20.75,3.07,0.00
15343.000,2.09,1.62,-0.78,18.96,1.31,0.00,0.00,95.63,1.31,2632,15.9,18.96,49.76,27.01,4.27,0.00
15418.000,2.12,2.14,-0.75,25.88,0.99,0.00,0.00,96.53,0.99,897,9.2,25.88,54.99,17.25,1.89,0.00
15493.000,2.15,1.91,-0.69,41.25,3.81,0.00,0.00,86.77,3.81,4231,9.0,41.25,40.77,16.07,1.92,0.00
15568.000,2.18,1.85,-0.74,52.62,3.61,0.00,0.00,85.79,3.61,6132,8.9,52.62,35.99,9.95,1.44,0.00
15656.000,2.21,2.15,-0.64,63.71,6.21,0.00,0.00,79.30,6.21,10000,8.0,63.71,25.54,9.95,0.81,0.00
15695.000,2.24,2.43,-0.76,67.99,6.90,0.00,0.00,81.61,6.90,7467,7.5,67.99,24.48,6.49,1.05,0.00
15746.000,2.27,2.01,-0.68,62.31,8.98,0.00,0.00,74.00,8.98,17460,8.3,62.31,29.92,7.11,0.66,0.00
15798.000,2.30,2.18,-0.72,74.17,6.11,0.00,0.00,79.91,6.11,8519,7.3,74.17,22.69,2.95,0.18,0.00
15850.000,2.33,2.38,-0.65,74.59,7.50,0.00,0.00,81.90,7.50,9048,5.6,74.59,20.06,4.75,0.59,0.00
15901.000,2.36,2.36,-0.59,71.90,10.12,0.00,0.00,72.64,10.12,22222,6.5,71.90,24.22,3.49,0.39,0.00
15953.000,2.39,1.96,-0.53,71.39,6.95,0.00,5.35,68.98,12.30,28065,6.3,71.39,24.15,4.46,0.00,0.00
16022.000,2.42,2.42,-0.94,78.15,11.41,0.00,0.27,63.04,11.68,16721,6.1,78.15,16.57,4.84,0.44,0.00
16159.000,2.48,2.39,-0.74,77.66,13.86,0.00,0.34,56.47,14.20,5523,5.1,77.66,20.25,2.09,0.00,0.00
16227.000,2.51,2.29,-0.85,81.08,13.92,0.00,0.00,65.40,13.92,24405,4.8,81.08,16.01,2.91,0.00,0.00
16296.000,2.54,2.55,-0.71,82.64,12.44,0.00,0.00,62.83,12.44,14048,5.4,82.64,15.03,2.33,0.00,0.00
16341.000,2.56,2.81,-0.59,,,,,,,,,86.27,12.88,0.85,0.00,0.00
16364.000,2.57,2.57,-0.62,86.27,8.76,0.00,0.00,71.12,8.76,9313,4.7,77.73,16.95,5.17,0.14,0.00
16387.000,2.58,2.81,-0.82,,,,,,,,,85.98,11.93,2.09,0.00,0.00
16433.000,2.60,2.74,-0.72,77.73,10.97,0.00,0.00,72.03,10.97,10373,5.0,89.79,8.54,1.67,0.00,0.00
16479.000,2.62,2.80,-0.72,,,,,,,,,82.34,15.30,2.36,0.00,0.00
16502.000,2.63,2.88,-0.55,85.98,10.09,0.00,0.00,76.67,10.09,33158,4.7,82.34,14.09,3.29,0.27,0.00
16547.000,2.65,3.00,-0.67,,,,,,,,,79.01,17.04,3.83,0.12,0.00
16570.000,2.66,2.64,-0.86,89.79,5.34,0.00,0.36,86.83,5.69,6271,4.4,80.56,15.94,3.51,0.00,0.00
16593.000,2.67,2.91,-0.70,,,,,,,,,76.37,20.63,2.65,0.35,0.00
16639.000,2.69,2.85,-0.69,82.34,5.10,0.00,0.00,83.69,5.10,10000,5.2,74.74,21.86,3.25,0.15,0.00
16707.000,2.72,2.94,-0.71,82.34,3.41,0.00,0.00,89.21,3.41,3192,5.5,79.94,14.86,4.91,0.29,0.00
16730.000,2.73,3.03,-0.68,,,,,,,,,76.81,18.02,5.05,0.11,0.00
16776.000,2.75,2.91,-0.61,79.01,1.34,0.00,0.00,91.75,1.34,10882,4.8,64.24,21.19,14.57,0.00,0.00
16821.000,2.77,2.92,-0.64,,,,,,,,,40.78,36.86,21.57,0.78,0.00
16844.000,2.78,2.56,-0.84,80.56,1.99,0.00,0.00,93.88,1.99,4600,4.8,36.77,39.77,23.13,0.33,0.00
16913.000,2.81,2.91,-0.68,76.37,5.77,0.00,0.00,81.43,5.77,16098,5.4,32.37,38.89,28.50,0.24,0.00
16956.000,2.82,2.92,-0.76,,,,,,,,,37.89,33.68,28.00,0.42,0.00
17042.000,2.84,2.84,-0.62,74.74,2.03,0.00,0.00,94.59,2.03,5882,5.4,22.92,48.33,28.62,0.12,0.00
17085.000,2.85,3.11,-0.68,,,,,,,,,12.75,47.36,39.71,0.18,0.00
17171.000,2.87,2.87,-0.71,79.94,1.49,0.00,0.00,95.95,1.49,2679,4.7,14.65,48.17,36.81,0.37,0.00
17214.000,2.88,2.94,-0.96,,,,,,,,,3.74,49.11,46.44,0.71,0.00
17300.000,2.90,2.85,-0.73,76.81,0.10,0.00,0.00,99.16,0.10,1053,4.8,4.94,44.34,50.59,0.13,0.00
17386.000,2.92,3.14,-0.73,,,,,,,,,2.10,42.23,55.04,0.63,0.00
17429.000,2.93,3.12,-0.50,64.24,0.31,0.00,0.00,97.84,0.31,2800,8.0,1.46,46.99,51.18,0.36,0.00
17507.000,2.96,2.68,-0.86,40.78,1.40,0.00,0.00,93.68,1.40,1429,8.5,1.81,51.73,45.96,0.49,0.00
17585.000,2.99,2.82,-0.67,36.77,0.31,0.00,0.00,98.45,0.31,400,8.7,8.74,43.72,47.39,0.14,0.00
17663.000,3.02,2.73,-0.84,32.37,0.34,0.00,0.00,98.19,0.34,1739,9.2,9.02,46.32,44.24,0.42,0.00
17741.000,3.05,2.87,-0.65,37.89,0.59,0.00,0.00,96.84,0.59,1111,8.6,7.03,49.22,43.36,0.39,0.00
17866.000,3.08,2.79,-0.88,22.92,0.00,0.00,0.00,98.83,0.00,694,10.6,5.40,51.13,42.79,0.69,0.00
17991.000,3.11,2.65,-0.70,12.75,0.00,0.00,0.00,98.34,0.00,893,15.0,4.29,45.19,49.90,0.61,0.00
18116.000,3.14,2.54,-0.90,14.65,0.00,0.00,0.00,99.31,0.00,385,16.0,3.30,50.55,45.33,0.82,0.00
18241.000,3.17,2.56,-0.92,3.74,0.17,0.00,0.00,99.66,0.17,208,17.1,2.15,48.66,48.12,1.08,0.00
18366.000,3.20,2.39,-0.91,4.94,0.24,0.00,0.12,94.77,0.36,7333,16.2,2.99,49.72,45.98,1.31,0.00
18491.000,3.23,2.34,-1.12,2.10,0.39,0.00,0.00,98.82,0.39,1034,16.5,3.92,46.97,47.87,1.23,0.00
18615.000,3.26,2.54,-1.02,1.46,0.00,0.00,0.00,98.97,0.00,61,16.0,2.39,51.59,44.62,1.39,0.00
18740.000,3.29,2.80,-0.74,1.81,0.15,0.00,0.00,98.25,0.15,1132,15.0,2.73,52.19,43.17,1.91,0.00
18865.000,3.32,2.52,-0.98,8.74,0.39,0.00,0.00,97.94,0.39,1096,17.0,2.77,47.10,49.12,1.01,0.00
18990.000,3.35,2.60,-0.93,9.02,0.61,0.00,0.00,96.33,0.61,3333,14.7,3.51,48.55,46.07,1.86,0.00
19115.000,3.38,2.31,-0.77,7.03,0.18,0.00,0.00,98.55,0.18,440,14.6,1.83,54.83,40.73,2.61,0.00
19240.000,3.41,2.19,-1.00,5.40,0.09,0.00,0.00,97.69,0.09,2889,16.8,3.48,52.90,40.37,3.25,0.00
19328.000,3.44,2.47,-0.91,4.29,0.55,0.00,0.00,96.33,0.55,1961,17.6,4.53,51.38,42.13,1.97,0.00
19417.000,3.47,2.39,-0.86,3.30,0.25,0.00,0.12,96.29,0.37,1579,17.1,3.36,52.57,41.95,2.12,0.00
19505.000,3.50,2.41,-0.78,2.15,0.96,0.00,0.00,94.71,0.96,1222,16.1,4.97,46.63,45.03,3.37,0.00
19593.000,3.53,2.44,-0.83,2.99,0.48,0.00,0.00,93.61,0.48,2381,16.0,6.06,49.65,43.59,0.70,0.00
19682.000,3.56,2.44,-0.85,3.92,1.79,0.00,0.00,88.16,1.79,14667,17.4,5.45,53.69,38.30,2.56,0.00
19770.000,3.59,2.41,-0.84,2.39,1.29,0.00,0.00,89.05,1.29,3617,15.4,6.73,50.67,41.08,1.52,0.00
19858.000,3.62,2.44,-0.82,2.73,1.99,0.00,0.00,90.29,1.99,3607,16.1,6.48,46.65,44.28,2.59,0.00
19947.000,3.65,2.46,-0.67,2.77,1.20,0.00,0.00,87.58,1.20,5849,15.4,7.63,45.04,43.77,3.56,0.00
20035.000,3.68,2.58,-0.59,3.51,1.16,0.00,0.00,89.42,1.16,10323,16.7,2.98,53.57,41.37,2.08,0.00
20123.000,3.71,2.53,-0.69,1.83,2.02,0.00,0.00,86.23,2.02,7083,16.3,5.69,53.83,38.30,2.07,0.10
20212.000,3.74,2.64,-0.61,3.48,0.93,0.00,0.00,90.28,0.93,5532,17.0,3.50,54.76,40.78,0.97,0.00
20300.000,3.77,2.69,-0.61,4.53,2.50,0.00,0.00,83.51,2.50,4444,17.7,3.85,57.21,37.74,1.20,0.00
20393.000,3.80,2.49,-0.78,3.36,1.85,0.00,0.00,83.88,1.85,5980,17.2,1.80,62.25,35.06,0.90,0.00
20485.000,3.83,2.36,-0.77,4.97,1.90,0.00,0.00,79.46,1.90,16727,17.7,2.34,62.85,33.33,1.49,0.00
20578.000,3.86,2.26,-0.96,6.06,3.79,0.00,0.00,78.83,3.79,5776,17.0,1.59,61.78,34.08,2.55,0.00
20670.000,3.89,2.55,-0.85,5.45,2.45,0.00,0.00,85.80,2.45,9355,17.8,2.93,60.55,35.55,0.98,0.00
20763.000,3.92,2.30,-0.78,6.73,0.73,0.00,0.00,86.83,0.73,9310,17.0,3.00,61.85,33.51,1.63,0.00
20856.000,3.95,2.45,-0.64,6.48,1.06,0.00,0.00,82.81,1.06,8906,18.3,2.52,62.33,33.59,1.55,0.00
20948.000,3.98,2.50,-0.72,7.63,2.04,0.00,0.00,76.80,2.04,13704,18.6,1.45,61.09,31.27,6.18,0.00
21041.000,4.01,2.47,-0.55,2.98,0.67,0.00,0.00,88.89,0.67,2717,17.6,1.64,58.89,39.07,0.34,0.06
21134.000,4.04,2.57,-0.56,5.69,2.73,0.00,0.00,81.01,2.73,35641,17.0,0.65,57.19,40.52,1.63,0.00
21226.000,4.07,2.64,-0.57,3.50,1.08,0.00,0.00,90.15,1.08,8889,15.9,1.57,63.64,32.69,2.10,0.00
21319.000,4.10,2.45,-0.51,3.85,0.85,0.00,0.00,94.92,0.85,2927,14.5,1.17,59.33,37.76,1.75,0.00
21411.000,4.13,2.70,-0.64,1.80,0.96,0.00,0.00,95.79,0.96,2292,14.4,1.56,59.25,37.98,1.20,0.00
21504.000,4.16,2.51,-0.67,2.34,0.36,0.00,0.00,95.02,0.36,5833,14.7,1.84,57.77,37.71,2.40,0.28
21597.000,4.19,2.55,-0.85,1.59,0.58,0.00,0.00,95.95,0.58,1346,16.3,2.59,68.60,27.59,0.74,0.49
21689.000,4.22,2.48,-0.88,2.93,0.00,0.00,0.00,98.21,0.00,2174,15.1,4.15,61.18,33.23,1.12,0.32
21782.000,4.25,2.71,-0.56,3.00,0.49,0.00,0.00,96.57,0.49,1556,16.8,5.61,55.72,37.21,1.46,0.00
21875.000,4.28,2.56,-0.68,2.52,0.65,0.00,0.00,92.53,0.65,5111,14.8,3.61,59.38,35.80,0.69,0.52
21967.000,4.31,2.76,-0.53,1.45,0.95,0.00,0.00,95.57,0.95,2545,14.6,6.20,57.21,35.19,1.09,0.31
22060.000,4.34,2.48,-0.76,1.64,0.81,0.00,0.00,97.67,0.81,2527,13.9,4.28,59.98,35.15,0.59,0.00
22152.000,4.37,2.46,-0.74,0.65,0.58,0.00,0.00,98.27,0.58,769,14.3,4.64,54.81,39.52,0.86,0.17
22245.000,4.40,2.49,-0.71,1.57,0.30,0.00,0.00,97.89,0.30,2121,13.6,4.75,51.26,42.79,0.74,0.45
22338.000,4.43,2.48,-0.74,1.17,0.87,0.12,0.00,96.27,1.00,3846,14.4,8.06,59.07,32.09,0.62,0.16
22430.000,4.46,2.57,-0.49,1.56,0.92,0.00,0.00,96.12,0.92,2639,15.1,10.19,54.62,34.71,0.16,0.32
22523.000,4.49,2.60,-0.55,1.84,0.98,0.12,0.00,96.08,1.10,3404,14.9,14.04,50.54,34.34,1.08,0.00
22616.000,4.52,2.60,-0.44,2.59,1.16,0.11,0.00,94.94,1.26,7742,15.0,27.27,47.38,25.34,0.00,0.00
22708.000,4.55,2.34,-0.81,4.15,1.89,0.00,0.00,95.41,1.89,2881,14.2,42.62,38.52,18.03,0.82,0.00
22801.000,4.58,2.71,-0.58,5.61,3.42,0.00,0.00,87.27,3.42,20500,14.9,53.26,29.47,17.26,0.00,0.00
22893.000,4.61,2.56,-0.73,3.61,1.01,0.00,0.00,95.10,1.01,3036,15.5,68.46,22.08,9.46,0.00,0.00
22986.000,4.64,2.54,-0.68,6.20,2.92,0.00,0.13,90.61,3.05,6981,14.0,58.07,27.83,13.98,0.13,0.00
23079.000,4.67,2.51,-0.56,4.28,4.94,0.00,0.00,86.65,4.94,12373,13.8,49.77,39.41,10.59,0.23,0.00
23171.000,4.70,2.56,-0.57,4.64,3.24,0.27,0.00,89.74,3.51,7600,14.2,60.94,27.72,11.18,0.16,0.00
23264.000,4.73,2.68,-0.51,4.75,2.23,0.00,0.00,94.04,2.23,4800,14.9,44.61,37.84,17.20,0.34,0.00
23357.000,4.76,2.55,-0.49,8.06,2.63,0.00,0.00,92.47,2.63,5357,15.6,42.60,42.60,14.80,0.00,0.00
23449.000,4.79,2.63,-0.65,10.19,1.96,0.00,0.00,92.69,1.96,5283,15.6,40.97,34.77,24.26,0.00,0.00
23542.000,4.82,2.59,-0.72,14.04,4.75,0.17,0.00,88.46,4.92,8293,14.8,24.93,43.21,31.58,0.28,0.00
23634.000,4.85,2.72,-0.51,27.27,5.92,0.00,0.00,83.27,5.92,12059,9.5,13.87,46.28,38.97,0.76,0.13
23727.000,4.88,2.73,-0.69,42.62,11.68,1.32,0.16,66.12,13.16,27105,9.6,8.47,52.75,38.14,0.21,0.42
23757.000,4.91,2.91,-0.49,53.26,11.73,0.92,0.26,65.48,12.91,18986,8.5,9.07,51.33,39.38,0.22,0.00
23788.000,4.94,2.88,-0.68,68.46,20.64,0.44,0.18,49.51,21.26,25221,7.3,2.92,57.05,40.03,0.00,0.00
23818.000,4.97,3.08,-0.56,58.07,22.38,0.81,0.00,44.27,23.19,34200,8.1,5.48,52.30,41.96,0.00,0.26
23849.000,5.00,2.89,-0.67,49.77,27.89,0.22,0.07,34.10,28.18,31667,7.6,5.53,51.82,42.36,0.29,0.00
23879.000,5.03,,,60.94,21.71,0.26,0.20,43.23,22.17,28933,8.1,3.62,55.59,40.47,0.00,0.31
23909.000,5.06,2.81,-0.63,44.61,21.01,0.37,0.14,43.23,21.52,27763,8.8,7.92,52.49,39.58,0.00,0.00
23940.000,5.09,2.74,-0.61,42.60,31.02,0.65,0.00,21.51,31.67,36638,9.4,5.04,56.23,38.73,0.00,0.00
23970.000,5.12,2.90,-0.64,40.97,27.25,0.68,0.20,38.67,28.13,32371,8.7,8.24,56.11,35.62,0.00,0.00
24036.000,5.15,2.84,-0.30,24.93,24.32,1.21,0.00,39.25,25.53,33077,10.6,9.44,54.44,35.83,0.28,0.00
24101.000,5.18,2.75,-0.49,13.87,18.12,0.72,0.07,55.28,18.90,35361,15.5,11.32,51.01,37.33,0.34,0.00
24167.000,5.21,2.61,-0.65,8.47,37.55,0.53,0.00,21.88,38.08,122222,16.3,13.36,46.01,40.63,0.00,0.00
24232.000,5.24,2.61,-0.76,9.07,17.28,1.35,0.00,57.35,18.63,25217,15.5,10.57,52.08,36.60,0.75,0.00
24298.000,5.27,2.58,-0.88,2.92,10.01,0.48,0.12,75.69,10.61,19245,14.4,10.36,48.46,40.90,0.28,0.00
24363.000,5.30,2.77,-0.64,5.48,3.05,0.00,0.00,91.18,3.05,5652,16.8,7.57,51.00,41.04,0.40,0.00
24445.000,5.33,2.56,-0.73,5.53,0.88,0.13,0.00,89.99,1.00,5556,16.4,11.25,49.38,39.37,0.00,0.00
24528.000,5.36,2.58,-0.65,3.62,1.13,0.00,0.00,93.20,1.13,4068,18.3,22.06,48.71,29.09,0.14,0.00
24610.000,5.39,2.51,-0.63,7.92,2.75,0.00,0.00,90.63,2.75,10357,15.5,23.42,45.05,31.27,0.26,0.00
24692.000,5.42,2.63,-0.66,5.04,4.66,0.00,0.00,85.17,4.66,8537,13.6,28.67,44.41,26.57,0.35,0.00
24775.000,5.45,2.60,-0.47,8.24,0.68,0.00,0.00,91.59,0.68,5362,13.0,26.37,47.27,26.05,0.31,0.00
24857.000,5.48,2.48,-0.65,9.44,1.20,0.00,0.00,90.84,1.20,5000,16.2,14.29,54.08,31.63,0.00,0.00
24940.000,5.51,2.72,-0.76,11.32,0.73,0.00,0.15,91.51,0.88,6170,15.3,14.42,56.11,29.47,0.00,0.00
25022.000,5.54,2.70,-0.77,13.36,0.91,0.00,0.00,89.33,0.91,12500,16.1,17.91,48.71,32.66,0.72,0.00
25104.000,5.57,2.64,-0.41,10.57,1.47,0.00,0.00,84.71,1.47,10400,13.1,13.41,49.11,36.51,0.97,0.00
25187.000,5.60,2.62,-0.80,10.36,1.41,0.00,0.00,80.68,1.41,10909,16.4,11.45,48.18,39.82,0.55,0.00
25269.000,5.63,2.68,-0.64,7.57,0.88,0.00,0.00,93.64,0.88,5000,10.7,8.64,53.13,37.87,0.37,0.00
25351.000,5.66,2.97,-0.61,11.25,2.14,0.00,0.00,92.34,2.14,6579,10.6,3.67,53.21,42.20,0.92,0.00
25434.000,5.69,2.88,-0.46,22.06,0.72,0.00,0.00,94.76,0.72,4400,9.9,5.04,51.55,42.83,0.58,0.00
25516.000,5.72,2.86,-0.47,23.42,0.74,0.00,0.21,91.81,0.95,7800,9.9,1.51,57.54,40.73,0.22,0.00
25608.000,5.75,3.09,-0.57,28.67,0.15,0.00,0.15,94.28,0.30,3800,9.1,2.62,52.81,44.01,0.56,0.00
25700.000,5.78,3.30,-0.37,26.37,0.67,0.00,0.00,95.74,0.67,2540,9.0,2.19,53.73,43.64,0.44,0.00
25748.000,5.81,3.09,-0.49,14.29,1.22,0.00,0.00,90.20,1.22,7742,10.3,3.69,54.61,41.71,0.00,0.00
25796.000,5.84,2.85,-0.78,14.42,0.51,0.00,0.00,92.84,0.51,2800,9.9,2.74,49.77,47.49,0.00,0.00
25844.000,5.87,2.97,-0.70,17.91,0.64,0.00,0.00,97.20,0.64,2200,9.8,2.71,49.90,47.00,0.39,0.00
25892.000,5.90,2.85,-0.83,13.41,0.81,0.00,0.00,90.53,0.81,7000,9.9,3.58,54.95,41.47,0.00,0.00
25940.000,5.93,2.60,-0.62,11.45,0.00,0.00,0.00,95.69,0.00,2800,10.3,3.02,58.35,38.23,0.40,0.00
25988.000,5.96,2.80,-0.20,8.64,0.14,0.00,0.00,87.02,0.14,8393,11.1,4.18,49.12,46.56,0.13,0.00
26036.000,5.99,2.66,-0.59,3.67,0.00,0.00,0.00,87.63,0.00,1036,13.9,4.70,51.54,43.36,0.40,0.00
26084.000,6.02,2.56,-0.64,5.04,0.14,0.00,0.00,86.40,0.14,5000,10.9,5.98,48.01,45.42,0.60,0.00
26132.000,6.05,2.76,-0.85,1.51,0.18,0.00,0.00,94.98,0.18,3684,12.6,8.36,45.62,45.89,0.14,0.00
26180.000,6.08,2.45,-0.80,2.62,0.30,0.00,0.00,93.67,0.30,4468,14.3,8.77,50.58,40.06,0.58,0.00
26397.000,6.11,2.67,-0.62,2.19,0.00,0.00,0.00,94.94,0.00,3684,11.3,4.96,48.40,46.65,0.00,0.00
26686.000,6.15,2.55,-0.80,3.69,0.00,0.00,0.00,95.39,0.00,3529,16.5,14.04,47.37,38.60,0.00,0.00
26831.000,6.17,2.57,-0.61,2.74,0.38,0.00,0.00,92.83,0.38,2533,16.4,35.66,40.09,23.78,0.47,0.00
27048.000,6.20,2.55,-0.62,2.71,0.30,0.00,0.00,90.94,0.30,5660,14.0,36.50,48.18,15.33,0.00,0.00
27265.000,6.23,2.41,-0.77,3.58,0.99,0.00,0.00,87.42,0.99,12258,13.0,28.37,50.52,21.11,0.00,0.00
27482.000,6.26,2.66,-0.39,3.02,0.00,0.00,0.00,93.57,0.00,4043,13.0,23.53,55.88,20.05,0.53,0.00
27698.000,6.29,2.54,-0.66,4.18,1.10,0.00,0.00,89.92,1.10,8679,,18.69,55.24,25.46,0.62,0.00
27915.000,6.32,2.56,-0.32,4.70,0.65,0.00,0.00,88.11,0.65,9821,16.9,21.85,48.89,28.89,0.37,0.00
28132.000,6.35,2.62,-0.36,5.98,0.33,0.00,0.00,89.46,0.33,8421,15.9,22.49,55.36,20.74,1.38,0.00
28349.000,6.38,2.47,-0.19,8.36,0.57,0.00,0.00,92.28,0.57,6071,10.9,23.82,52.83,22.64,0.71,0.00
28566.000,6.41,2.29,-0.35,8.77,0.51,0.00,0.00,90.89,0.51,5806,16.1,23.98,55.64,20.14,0.24,0.00
28783.000,6.44,,,4.96,0.48,0.00,0.00,93.72,0.48,4194,16.8,20.89,58.22,20.62,0.27,0.00
29000.000,6.47,2.09,-0.62,14.04,1.55,0.00,0.00,86.90,1.55,9268,15.7,22.73,52.27,24.35,0.65,0.00
29045.000,6.50,2.26,-0.63,35.66,5.25,0.00,0.00,78.00,5.25,21613,9.3,34.31,45.00,20.34,0.34,0.00
29090.000,6.53,2.53,-0.31,36.50,1.53,0.00,0.00,76.98,1.53,16071,9.1,37.71,42.29,20.00,0.00,0.00
29136.000,6.56,2.56,-0.56,28.37,1.37,0.00,0.00,75.80,1.37,7910,10.6,49.15,32.20,17.29,1.36,0.00
29181.000,6.59,2.42,-0.46,23.53,3.24,0.00,0.18,75.86,3.42,16341,9.9,43.55,40.10,16.01,0.34,0.00
29226.000,6.62,2.93,-0.19,18.69,4.24,0.00,0.00,77.29,4.24,18864,11.5,45.58,38.31,15.72,0.39,0.00
29271.000,6.65,2.86,-0.33,21.85,3.85,0.00,0.00,73.08,3.85,18667,11.1,56.48,35.20,7.93,0.39,0.00
29316.000,6.68,3.14,-0.20,22.49,3.95,0.00,0.00,68.38,3.95,23529,11.4,50.51,37.63,11.43,0.38,0.00
29361.000,6.71,3.08,-0.06,23.82,0.81,0.00,0.16,77.74,0.97,17692,9.8,64.26,26.06,9.29,0.41,0.00
29407.000,6.74,2.99,-0.27,23.98,2.62,0.00,0.00,73.50,2.62,18298,9.8,70.70,21.07,8.23,0.00,0.00
29452.000,6.77,2.46,-0.41,20.89,2.84,0.00,0.09,77.68,2.93,16944,10.6,70.30,22.04,7.39,0.27,0.00
29497.000,6.80,2.68,-0.35,22.73,3.09,0.00,0.00,81.02,3.09,11944,11.0,57.91,28.87,13.04,0.17,0.00
29542.000,6.83,2.51,-0.33,34.31,3.52,0.00,0.00,77.46,3.52,18113,8.7,47.37,39.38,13.26,0.00,0.00
29587.000,6.86,2.88,-0.34,37.71,3.08,0.00,0.36,73.55,3.44,20278,8.9,67.61,21.47,10.73,0.19,0.00
29633.000,6.89,2.91,-0.44,49.15,4.79,0.00,0.40,72.85,5.19,15455,8.4,76.89,19.65,3.46,0.00,0.00
29678.000,6.92,2.73,-0.27,43.55,4.16,0.00,0.44,73.49,4.60,17536,8.8,45.97,40.97,12.92,0.14,0.00
29723.000,6.95,2.86,-0.45,45.58,3.57,0.00,0.13,75.96,3.70,14444,8.5,19.01,58.45,22.54,0.00,0.00
29768.000,6.98,2.93,-0.34,56.48,3.71,0.00,0.41,75.82,4.12,15714,8.2,15.95,55.13,28.70,0.23,0.00
29813.000,7.01,3.02,-0.41,50.51,2.77,0.00,1.04,75.74,3.81,7739,8.2,12.12,53.98,33.14,0.76,0.00
29859.000,7.04,2.87,-0.45,64.26,1.51,0.00,0.70,78.25,2.22,13292,8.0,21.04,49.03,29.54,0.39,0.00
29904.000,7.07,2.88,-0.45,70.70,6.01,0.00,1.00,62.80,7.01,20800,7.5,20.37,40.07,39.06,0.51,0.00
29949.000,7.10,3.02,-0.38,70.30,4.92,0.00,0.98,81.30,5.91,10857,7.2,7.66,56.02,35.58,0.73,0.00
29994.000,7.13,2.88,-0.33,57.91,3.36,0.00,0.42,82.35,3.78,10080,8.1,3.94,62.04,33.80,0.23,0.00
30039.000,7.16,2.76,-0.51,47.37,4.39,0.00,1.57,84.64,5.96,11200,8.5,4.00,54.26,41.39,0.35,0.00
30084.000,7.19,2.86,-0.38,67.61,4.37,0.00,2.31,73.52,6.68,18311,6.3,4.36,55.90,39.74,0.00,0.00
30130.000,7.22,2.71,-0.58,76.89,2.23,0.00,1.05,86.35,3.28,8320,6.4,4.70,53.76,41.35,0.19,0.00
30175.000,7.25,3.21,-0.38,45.97,0.50,0.00,0.88,94.97,1.38,3556,8.5,7.60,55.85,36.34,0.21,0.00
30220.000,7.28,3.10,-0.40,19.01,0.52,0.00,0.00,82.53,0.52,9745,14.6,8.00,51.50,40.50,0.00,0.00
30390.000,7.31,3.11,-0.26,15.95,0.00,0.00,0.00,87.34,0.00,3886,14.7,14.04,49.58,35.70,0.68,0.00
30559.000,7.34,2.87,-0.36,12.12,0.34,0.00,0.00,96.28,0.34,2200,16.0,14.34,53.05,31.24,1.38,0.00
30729.000,7.37,2.67,-0.16,21.04,0.35,0.00,0.00,95.40,0.35,2971,10.1,10.25,52.27,37.14,0.34,0.00
30898.000,7.40,2.58,-0.17,20.37,0.76,0.00,0.00,93.64,0.76,4480,11.5,7.31,50.54,41.08,1.08,0.00
31068.000,7.43,2.44,-0.50,7.66,0.00,0.00,0.00,97.23,0.00,1829,16.2,7.85,48.60,42.80,0.75,0.00
31237.000,7.46,2.62,-0.10,3.94,0.59,0.00,0.00,92.52,0.59,4864,15.8,10.88,48.67,40.04,0.41,0.00
31350.000,7.48,2.71,-0.08,4.00,0.00,0.00,0.00,96.18,0.00,2648,15.6,10.52,48.52,40.96,0.00,0.00
31520.000,7.51,2.73,-0.05,4.36,0.00,0.00,0.00,93.93,0.00,3953,12.2,8.13,46.83,44.25,0.79,0.00
31960.000,7.54,2.87,0.16,4.70,0.00,0.00,0.00,95.25,0.00,2715,16.1,12.65,48.82,37.65,0.88,0.00
32400.000,7.57,2.92,0.05,7.60,0.38,0.00,0.00,96.24,0.38,2370,15.7,13.37,43.81,42.08,0.74,0.00
32840.000,7.60,2.88,-0.36,8.00,0.00,0.00,0.00,98.60,0.00,873,10.7,7.87,53.18,38.81,0.14,0.00
33280.000,7.63,2.73,-0.12,14.04,0.31,0.00,0.00,95.07,0.31,3657,16.0,10.21,49.79,38.51,1.49,0.00
33720.000,7.66,2.82,-0.03,14.34,0.00,0.00,0.00,94.81,0.00,1600,11.5,13.65,51.68,34.00,0.67,0.00
33910.000,7.69,2.77,-0.10,10.25,0.15,0.00,0.00,91.76,0.15,4978,15.8,9.25,58.90,30.48,1.37,0.00
34100.000,7.72,2.79,-0.15,7.31,0.38,0.00,0.00,93.09,0.38,4114,15.7,11.61,48.47,39.31,0.61,0.00
34290.000,7.75,2.65,0.04,7.85,1.30,0.00,0.00,91.87,1.30,5000,15.3,14.83,50.85,33.90,0.21,0.21
34480.000,7.78,2.74,-0.15,10.88,0.37,0.00,0.00,96.25,0.37,2286,10.6,20.29,47.68,30.56,1.47,0.00
34582.000,7.82,2.85,-0.01,10.52,0.80,0.00,0.00,92.34,0.80,4955,17.3,29.03,42.93,27.54,0.50,0.00
34658.000,7.85,2.69,-0.15,8.13,1.72,0.00,0.00,93.46,1.72,4193,19.6,23.57,47.14,28.21,1.07,0.00
34734.000,7.88,2.59,-0.12,12.65,0.77,0.00,0.00,92.82,0.77,3584,12.6,27.23,45.80,25.47,1.53,0.00
34810.000,7.91,2.76,-0.20,13.37,0.00,0.00,0.00,96.44,0.00,2133,15.3,22.35,50.00,26.96,0.69,0.00
34886.000,7.94,2.81,-0.11,7.87,0.27,0.00,0.00,51.83,0.27,70012,17.0,30.65,40.56,28.17,0.62,0.00
34963.000,7.97,2.60,-0.04,10.21,2.77,0.00,0.00,80.92,2.77,18036,16.1,17.77,54.21,27.79,0.23,0.00
35039.000,8.00,2.56,-0.33,13.65,3.59,0.00,0.00,86.36,3.59,15200,16.4,6.96,54.84,37.01,1.19,0.00
35115.000,8.03,2.57,-0.11,9.25,18.30,0.00,0.00,41.24,18.30,60800,15.1,5.37,52.10,39.95,2.57,0.00
35191.000,8.06,2.28,-0.43,11.61,2.99,0.00,0.00,88.06,2.99,4114,16.8,3.60,60.91,32.13,3.36,0.00
35268.000,8.09,2.49,-0.35,14.83,2.73,0.00,0.00,86.71,2.73,4457,15.8,5.19,64.47,27.74,2.40,0.20
35344.000,8.12,2.06,-0.52,20.29,16.83,0.00,0.00,58.91,16.83,55916,11.2,11.99,61.85,25.07,1.09,0.00
35420.000,8.15,2.28,-0.22,29.03,9.67,0.00,0.00,64.21,9.67,30523,9.0,4.79,57.78,36.58,0.85,0.00
35730.000,8.18,2.51,-0.07,23.57,4.61,0.00,0.00,80.49,4.61,15360,11.1,5.30,60.68,32.65,1.37,0.00
35960.000,8.21,2.48,-0.15,27.23,2.63,0.00,0.00,85.83,2.63,11200,10.7,14.08,54.23,30.99,0.70,0.00
36190.000,8.24,2.09,-0.30,22.35,1.73,0.00,0.00,90.38,1.73,7273,11.3,25.66,48.68,23.90,1.75,0.00
36420.000,8.27,2.47,-0.41,30.65,2.40,0.00,0.00,91.47,2.40,7314,8.9,25.97,48.61,24.49,0.93,0.00
36650.000,8.30,1.54,-0.54,17.77,4.80,0.00,0.00,84.34,4.80,11733,14.7,55.45,32.35,11.28,0.92,0.00
36880.000,8.33,1.47,-0.98,6.96,1.74,0.00,0.00,91.61,1.74,5800,11.1,76.15,16.39,7.45,0.00,0.00
37026.000,8.36,2.41,-0.33,5.37,2.99,0.00,0.00,90.82,2.99,5662,13.5,72.33,20.04,6.97,0.65,0.00
37173.000,8.39,2.00,-0.54,3.60,0.78,0.00,0.00,88.26,0.78,6400,15.3,78.59,16.44,4.59,0.38,0.00
37319.000,8.42,2.20,-0.12,5.19,1.77,0.00,0.00,93.26,1.77,5600,13.9,84.84,13.41,1.76,0.00,0.00
37465.000,8.45,2.30,0.00,11.99,2.21,0.00,0.00,90.71,2.21,4800,10.4,83.72,12.21,4.07,0.00,0.00
37612.000,8.48,2.38,0.02,4.79,2.16,0.00,0.00,82.23,2.16,11200,12.4,60.14,31.67,7.83,0.36,0.00
37758.000,8.51,2.16,-0.26,5.30,3.19,0.00,0.00,85.46,3.19,22800,14.7,54.78,36.36,8.85,0.00,0.00
37905.000,8.54,2.30,-0.29,14.08,1.38,0.00,0.00,93.32,1.38,4185,14.6,64.08,27.70,7.98,0.23,0.00
38051.000,8.57,2.75,-0.37,25.66,7.01,0.00,0.00,76.43,7.01,26311,9.3,54.60,31.70,13.50,0.20,0.00
38197.000,8.60,2.91,-0.65,25.97,6.70,0.00,0.00,78.66,6.70,13867,10.4,23.63,44.28,31.59,0.50,0.00
38344.000,8.63,2.90,-0.34,55.45,9.83,0.00,0.00,70.27,9.83,24200,8.2,16.85,52.52,29.76,0.88,0.00
38490.000,8.66,2.51,-0.09,76.15,12.56,0.00,0.27,63.32,12.83,36089,6.9,9.29,48.36,42.35,0.00,0.00
38668.000,8.69,2.84,-0.31,72.33,10.17,0.00,0.00,62.19,10.17,17185,7.5,7.42,44.12,46.60,1.86,0.00
38846.000,8.72,2.76,-0.33,78.59,19.30,1.09,0.00,43.13,20.39,43141,6.9,3.66,47.40,48.52,0.42,0.00
39023.000,8.75,2.87,-0.42,84.84,17.45,0.65,0.22,51.36,18.32,35680,5.8,6.10,41.06,52.85,0.00,0.00
39201.000,8.78,2.83,-0.31,83.72,32.68,0.87,0.00,12.75,33.55,30578,5.6,5.09,48.00,46.18,0.73,0.00
39379.000,8.81,2.88,-0.44,60.14,30.70,0.00,0.00,9.76,30.70,34544,8.1,5.67,52.84,40.90,0.60,0.00
39513.000,8.84,3.17,-0.45,54.78,18.98,0.00,0.00,35.09,18.98,15883,8.2,4.28,65.78,29.95,0.00,0.00
39648.000,8.87,3.01,-0.58,64.08,12.43,0.00,0.00,65.82,12.43,24200,8.1,5.72,53.41,40.33,0.54,0.00
39782.000,8.90,2.98,-0.33,54.60,4.70,0.00,0.00,75.21,4.70,11600,8.2,11.15,52.50,36.03,0.32,0.00
39916.000,8.93,2.86,-0.25,23.63,1.06,0.00,0.00,89.79,1.06,5908,12.0,11.58,61.58,26.55,0.28,0.00
40050.000,8.96,2.96,-0.48,16.85,2.05,0.00,0.00,89.57,2.05,7467,15.5,19.77,60.76,19.48,0.00,0.00
40140.000,8.98,2.56,-0.22,9.29,0.00,0.00,0.00,100.00,0.00,0,17.6,8.42,61.32,30.26,0.00,0.00
40233.000,9.00,,,,,,,,,,,3.75,50.13,45.58,0.54,0.00
40327.000,9.02,2.61,-0.08,7.42,0.39,0.00,0.00,97.24,0.39,2036,18.7,4.49,58.80,35.58,1.12,0.00
40467.000,9.05,2.54,-0.20,3.66,0.64,0.00,0.00,96.13,0.64,2286,18.9,3.78,64.78,30.58,0.86,0.00
40607.000,9.08,2.42,-0.14,6.10,7.20,0.00,0.00,79.83,7.20,11200,19.3,12.25,55.96,30.06,0.33,0.00
40653.000,9.09,2.37,-0.02,,,,,,,,,6.89,45.51,47.60,0.00,0.00
40747.000,9.11,2.70,-0.07,5.09,1.79,0.00,0.00,88.10,1.79,10667,19.0,19.43,44.08,36.02,0.47,0.00
40887.000,9.14,1.50,-0.71,5.67,1.09,0.00,0.00,83.81,1.09,7400,18.8,5.26,60.66,33.66,0.42,0.00
41027.000,9.17,2.01,-0.36,4.28,1.41,0.00,0.00,78.80,1.41,13714,13.4,11.79,45.25,42.59,0.00,0.38
41167.000,9.20,2.13,-0.37,5.72,1.47,0.00,0.00,85.68,1.47,7771,10.6,6.06,53.41,40.15,0.38,0.00
41260.000,9.22,2.21,-0.49,11.15,0.40,0.00,0.00,89.45,0.40,6400,13.0,6.45,57.14,35.48,0.92,0.00
41400.000,9.25,2.52,-0.76,11.58,0.73,0.00,0.00,92.25,0.73,10240,10.6,6.93,55.84,36.80,0.43,0.00
41540.000,9.28,2.67,-0.71,19.77,2.71,0.00,0.00,90.15,2.71,10667,9.6,1.43,45.52,51.97,1.08,0.00
41733.000,9.32,2.49,-0.40,8.42,0.60,0.00,0.00,83.47,0.60,9371,15.1,4.00,64.00,31.00,1.00,0.00
41877.000,9.35,2.30,-0.42,3.75,1.65,0.00,0.00,94.81,1.65,3520,17.1,2.52,59.12,38.36,0.00,0.00
42022.000,9.38,2.14,-0.30,4.49,0.32,0.00,0.00,91.72,0.32,4160,17.3,0.23,57.14,41.92,0.70,0.00
42166.000,9.41,2.35,-0.79,3.78,0.13,0.00,0.00,80.36,0.13,7600,15.6,1.27,57.96,40.13,0.64,0.00
42311.000,9.44,2.35,-0.53,12.25,0.00,0.00,0.00,98.79,0.00,800,10.3,1.01,56.08,41.89,1.01,0.00
42455.000,9.47,1.97,-0.37,6.89,0.50,0.00,0.00,92.54,0.50,3429,19.1,0.58,48.55,49.71,1.16,0.00
42600.000,9.50,2.29,-0.89,19.43,1.02,0.00,0.00,93.87,1.02,3429,11.8,1.83,58.54,39.02,0.61,0.00
42708.000,9.53,1.89,-0.56,5.26,0.50,0.00,0.00,96.75,0.50,1891,16.7,11.82,55.45,27.58,5.15,0.00
42816.000,9.56,2.23,-0.99,11.79,0.00,0.00,0.00,95.92,0.00,1920,17.6,26.32,52.35,20.48,0.85,0.00
42924.000,9.59,2.40,-0.68,6.06,0.00,0.00,0.00,96.69,0.00,1600,18.4,28.13,53.62,17.43,0.82,0.00
43032.000,9.62,2.49,-0.90,6.45,0.40,0.00,0.00,92.80,0.40,1800,16.2,28.09,56.98,14.13,0.80,0.00
43140.000,9.65,2.63,-0.30,6.93,4.21,0.00,0.00,83.82,4.21,5000,11.2,24.17,53.32,21.40,1.11,0.00
43376.000,9.68,2.15,-0.32,1.43,1.37,0.00,0.00,84.11,1.37,7733,,64.76,28.83,5.95,0.46,0.00
43612.000,9.71,2.14,-0.33,4.00,0.00,0.00,0.00,98.28,0.00,600,16.5,75.00,17.41,7.59,0.00,0.00
43848.000,9.74,1.75,-0.45,2.52,1.27,0.00,0.00,86.50,1.27,3200,17.1,68.18,25.54,5.63,0.65,0.00
44084.000,9.77,2.06,-0.49,0.23,0.00,0.00,0.00,95.77,0.00,1760,18.3,65.44,25.07,9.23,0.26,0.00
44320.000,9.80,1.68,-0.16,1.27,0.00,0.00,0.00,97.78,0.00,1280,17.0,39.82,47.14,12.59,0.46,0.00
44556.000,9.83,1.64,-0.19,1.01,0.00,0.00,0.00,97.24,0.00,1333,16.9,16.71,62.40,20.89,0.00,0.00
44792.000,9.86,1.46,-0.66,0.58,0.00,0.00,0.00,96.46,0.00,2133,19.1,5.02,59.82,34.70,0.46,0.00
45028.000,9.89,1.93,-0.99,1.83,0.00,0.00,0.00,97.50,0.00,1143,15.1,2.80,65.90,31.04,0.25,0.00
45264.000,9.92,2.17,-0.53,11.82,0.95,0.00,0.00,85.31,0.95,7086,11.8,0.55,65.02,33.70,0.73,0.00
45500.000,9.95,2.52,-0.53,26.32,3.56,0.00,0.00,81.99,3.56,22933,9.7,0.27,60.32,38.87,0.54,0.00
45830.000,9.98,2.86,-0.22,28.13,1.06,0.00,0.00,85.85,1.06,7385,9.4,0.74,56.65,41.87,0.74,0.00
46160.000,10.01,2.35,-0.68,28.09,0.95,0.00,0.00,85.97,0.95,9440,9.6,1.37,50.17,47.10,1.37,0.00
46244.000,10.04,2.87,-0.46,24.17,2.82,0.00,0.00,86.35,2.82,18400,9.9,0.37,54.78,43.75,1.10,0.00
46329.000,10.07,2.88,-0.42,64.76,4.99,0.00,0.00,61.52,4.99,16200,8.1,1.15,49.66,48.05,1.15,0.00
46413.000,10.10,3.01,-0.45,75.00,7.70,0.00,0.00,58.59,7.70,25800,7.4,0.42,57.89,40.17,1.52,0.00
46498.000,10.13,2.43,-0.38,68.18,9.08,0.00,0.00,74.40,9.08,17200,6.1,3.67,59.94,35.47,0.92,0.00
46582.000,10.16,2.64,-0.18,65.44,17.46,0.00,0.00,53.72,17.46,27360,7.5,1.24,61.94,35.57,1.24,0.00
46667.000,10.19,2.79,-0.35,39.82,16.00,0.00,0.00,53.01,16.00,15055,8.7,1.19,61.31,35.52,1.98,0.00
46751.000,10.22,2.73,-0.06,16.71,3.33,0.00,0.00,85.37,3.33,8123,9.9,0.54,66.79,29.98,2.69,0.00
46836.000,10.25,2.28,-0.04,5.02,9.55,0.00,0.00,72.47,9.55,18447,11.2,0.00,69.71,29.90,0.39,0.00
46920.000,10.28,2.29,-0.30,2.80,1.87,0.00,0.00,88.77,1.87,6646,15.7,0.48,76.79,22.25,0.48,0.00
47282.000,10.31,2.18,-0.35,0.55,0.32,0.00,0.00,92.65,0.32,3680,15.6,1.86,68.44,28.65,1.06,0.00
47643.000,10.34,2.29,-0.21,0.27,6.74,0.00,0.00,80.90,6.74,2550,11.0,3.57,70.81,23.14,2.48,0.00
48005.000,10.37,1.92,-0.24,0.74,1.28,0.00,0.00,91.49,1.28,3556,14.9,13.35,64.41,20.64,1.60,0.00
48367.000,10.40,1.96,-0.33,1.37,1.15,0.00,0.00,91.35,1.15,1091,18.8,13.31,59.71,25.72,1.26,0.00
48728.000,10.43,2.15,-0.55,0.37,0.76,0.00,0.00,89.31,0.76,1806,18.8,18.29,63.57,16.92,1.22,0.00
49090.000,10.46,1.85,-0.44,1.15,0.81,0.00,0.00,94.30,0.81,2987,,16.74,59.23,22.10,1.93,0.00
49410.000,10.49,2.10,-0.35,0.42,0.35,0.00,0.00,87.51,0.35,6646,17.4,28.13,51.81,16.43,3.62,0.00
49730.000,10.52,2.23,-0.33,3.67,1.93,0.00,0.00,85.06,1.93,2362,17.4,18.34,63.17,17.32,1.16,0.00
50050.000,10.55,1.98,-0.42,1.24,1.92,0.00,0.00,93.16,1.92,1280,11.3,21.21,51.14,26.40,1.25,0.00
50369.000,10.58,1.94,-0.37,1.19,1.20,0.00,0.00,95.54,1.20,2600,16.5,8.22,61.04,28.31,2.44,0.00
50689.000,10.61,2.02,-0.09,0.54,0.74,0.00,0.00,92.27,0.74,3782,12.7,1.93,59.52,35.90,2.65,0.00
51009.000,10.64,1.34,-0.71,0.00,0.31,0.00,0.00,95.30,0.31,2667,13.0,2.06,52.52,41.74,3.67,0.00
51291.000,10.67,1.49,-0.37,0.48,0.36,0.00,0.00,88.02,0.36,7040,13.8,1.44,61.44,33.26,3.87,0.00
51573.000,10.70,1.49,-0.49,1.86,0.82,0.00,0.00,89.32,0.82,7564,11.5,2.40,67.60,26.80,3.20,0.00
51856.000,10.73,1.52,-0.58,3.57,0.51,0.00,0.00,92.14,0.51,4509,13.6,1.70,64.36,30.27,3.68,0.00
52138.000,10.76,1.36,-0.75,13.35,1.92,0.00,0.00,84.09,1.92,9768,12.1,2.38,65.77,28.57,3.27,0.00
52420.000,10.79,1.91,-0.58,13.31,1.89,0.00,0.00,86.07,1.89,10240,10.0,8.72,62.71,26.17,2.41,0.00
52927.000,10.82,2.00,-0.65,18.29,1.43,0.00,0.00,90.14,1.43,5527,9.3,16.74,62.45,20.39,0.43,0.00
53433.000,10.85,2.12,-0.85,16.74,2.17,0.00,0.00,86.33,2.17,9371,9.7,9.77,67.86,21.24,1.13,0.00
53940.000,10.88,2.33,-0.81,28.13,0.45,0.00,0.00,86.32,0.45,6971,9.5,8.38,63.97,24.58,3.07,0.00
54447.000,10.91,2.35,-0.79,18.34,0.37,0.00,0.00,92.76,0.37,3314,9.6,27.01,54.92,17.53,0.54,0.00
54953.000,10.94,2.21,-0.76,21.21,0.90,0.00,0.00,93.51,0.90,4114,10.9,27.49,47.89,21.92,2.70,0.00
55460.000,10.97,1.66,-0.93,8.22,1.87,0.00,0.00,91.78,1.87,4800,14.7,53.89,37.24,8.87,0.00,0.00
55671.000,11.00,1.64,-1.35,1.93,0.20,0.00,0.00,95.14,0.20,2400,17.8,49.00,42.20,8.80,0.00,0.00
55883.000,11.03,1.67,-0.84,2.06,1.63,0.00,0.00,64.67,1.63,18087,,83.55,14.05,2.22,0.18,0.00
56094.000,11.06,1.59,-0.71,1.44,0.00,0.00,0.00,98.21,0.00,1108,17.8,76.18,20.03,3.66,0.13,0.00
56306.000,11.09,1.78,-1.28,2.40,0.92,0.00,0.00,95.40,0.92,3200,11.3,69.83,27.63,2.20,0.34,0.00
56517.000,11.12,2.18,-0.73,1.70,0.76,0.00,0.00,97.46,0.76,1455,17.3,70.00,24.64,4.29,1.07,0.00
56729.000,11.15,2.27,-0.70,2.38,0.39,0.00,0.00,94.47,0.39,3733,11.3,82.22,13.20,4.23,0.35,0.00
56940.000,11.18,2.43,-0.81,8.72,0.54,0.00,0.00,96.23,0.54,2240,10.5,72.12,23.04,4.84,0.00,0.00
57400.000,11.21,2.29,-0.66,16.74,2.36,0.00,0.00,92.36,2.36,4800,14.1,71.68,21.99,6.33,0.00,0.00
57860.000,11.24,2.63,-0.77,9.77,1.99,0.00,0.00,94.04,1.99,3600,14.3,78.03,17.25,4.18,0.54,0.00
58320.000,11.27,2.30,-0.98,8.38,5.86,0.00,0.00,82.22,5.86,6400,16.0,76.70,18.14,5.01,0.15,0.00
58544.000,11.30,2.49,-0.61,27.01,5.50,0.00,0.00,81.74,5.50,7771,9.3,75.24,17.90,6.57,0.28,0.00
58768.000,11.33,2.36,-1.06,27.49,7.70,0.00,0.25,78.14,7.95,11733,9.6,80.86,12.22,6.91,0.00,0.00
58992.000,11.36,2.59,-0.55,53.89,8.44,0.00,0.08,65.41,8.52,28133,8.5,63.18,25.52,10.67,0.63,0.00
59216.000,11.39,2.24,-1.06,49.00,15.58,0.00,0.00,56.02,15.58,29733,8.6,42.00,36.89,20.42,0.46,0.23
59440.000,11.42,2.47,-0.65,83.55,28.15,0.00,0.00,33.15,28.15,48160,5.5,31.50,46.52,21.79,0.18,0.00
59610.000,11.45,2.13,-1.15,76.18,15.15,0.00,0.00,57.96,15.15,33943,7.0,6.90,54.33,38.77,0.00,0.00
59779.000,11.48,2.15,-0.02,69.83,5.45,0.00,0.00,65.45,5.45,19543,8.1,11.00,58.90,30.10,0.00,0.00
59949.000,11.51,2.08,-1.39,70.00,15.58,0.00,0.00,50.15,15.58,13440,6.4,8.56,66.78,24.42,0.23,0.00
60119.000,11.54,2.49,-0.95,82.22,7.77,0.00,0.00,79.20,7.77,11067,5.9,6.63,65.24,27.84,0.29,0.00
60289.000,11.57,2.66,-1.13,72.12,12.75,0.00,0.00,65.22,12.75,9710,7.0,23.97,53.51,22.31,0.21,0.00
60458.000,11.60,2.55,-0.89,71.68,7.14,0.00,0.00,78.13,7.14,13067,6.2,28.18,48.64,22.84,0.34,0.00
60628.000,11.63,2.97,-0.88,78.03,4.56,0.00,0.00,81.14,4.56,12400,5.4,9.80,55.52,34.68,0.00,0.00
60780.000,11.66,2.87,-0.80,76.70,3.79,0.00,0.00,83.26,3.79,7500,7.4,46.45,39.89,13.66,0.00,0.00
60932.000,11.69,2.63,-0.72,75.24,5.43,0.00,0.00,73.14,5.43,22560,5.1,14.19,57.67,28.15,0.00,0.00
61084.000,11.72,2.31,-0.52,80.86,1.86,0.00,0.19,80.11,2.04,12229,5.9,10.43,56.82,31.94,0.80,0.00
61236.000,11.75,1.85,-0.44,63.18,15.75,0.00,0.00,55.65,15.75,22827,8.1,7.21,57.49,35.12,0.18,0.00
61388.000,11.78,2.11,-0.66,42.00,2.88,0.00,0.00,76.12,2.88,13280,8.9,3.78,55.52,40.70,0.00,0.00
61540.000,11.81,2.09,-0.69,31.50,2.93,0.00,0.00,89.74,2.93,4308,8.9,4.01,56.62,38.85,0.52,0.00
61692.000,11.84,1.80,-0.79,6.90,1.40,0.00,0.00,89.47,1.40,7200,11.4,2.35,65.17,31.90,0.59,0.00
61844.000,11.87,1.89,-0.56,11.00,0.56,0.00,0.00,93.27,0.56,4800,10.7,2.08,59.72,37.59,0.61,0.00
61996.000,11.90,1.59,-0.67,8.56,0.10,0.00,0.00,95.89,0.10,2909,10.5,0.96,66.15,31.82,1.08,0.00
62148.000,11.93,2.30,-0.62,6.63,1.29,0.00,0.00,94.59,1.29,3360,10.8,0.97,63.45,34.41,1.17,0.00
62300.000,11.96,2.45,-0.53,23.97,1.68,0.00,0.17,87.25,1.85,5067,9.8,4.20,66.41,28.63,0.76,0.00
62442.000,11.98,2.20,-0.83,28.18,0.69,0.00,0.00,82.71,0.69,6667,8.8,1.52,61.44,36.79,0.25,0.00
62725.000,12.02,2.16,-1.00,9.80,0.44,0.00,0.00,98.24,0.44,600,10.6,1.69,61.60,35.86,0.84,0.00
62938.000,12.05,2.57,-0.51,46.45,0.69,0.00,0.00,71.23,0.69,10000,8.7,1.23,58.95,38.95,0.88,0.00
63150.000,12.08,2.15,-0.57,14.19,1.03,0.00,0.00,97.11,1.03,933,10.6,2.79,54.55,42.05,0.62,0.00
63363.000,12.11,2.35,-0.39,10.43,0.26,0.00,0.00,92.45,0.26,2729,14.8,2.20,59.65,36.99,1.16,0.00
63575.000,12.14,2.25,-0.71,7.21,0.00,0.00,0.00,98.35,0.00,1000,15.7,2.17,65.46,32.37,0.00,0.00
63788.000,12.17,2.08,-0.66,3.78,0.25,0.00,0.00,98.02,0.25,457,12.2,9.41,58.39,31.51,0.68,0.00
64000.000,12.20,2.06,-0.62,4.01,0.00,0.00,0.00,95.65,0.00,2987,13.6,9.64,67.51,21.83,1.02,0.00
64295.000,12.23,2.23,-0.44,2.35,0.18,0.00,0.00,97.89,0.18,171,13.2,4.63,58.06,36.33,0.98,0.00
64591.000,12.26,2.01,-0.66,2.08,0.08,0.00,0.00,96.92,0.08,3200,11.3,3.09,58.79,36.57,1.55,0.00
64886.000,12.29,2.04,-0.45,0.96,0.00,0.00,0.00,97.29,0.00,630,13.0,2.57,66.08,29.74,1.61,0.00
65182.000,12.32,1.96,-0.18,0.97,0.00,0.00,0.00,98.74,0.00,315,13.3,3.07,56.69,37.79,2.45,0.00
65477.000,12.35,1.92,-0.22,4.20,0.32,0.00,0.00,90.97,0.32,1792,15.9,2.36,57.23,38.97,1.44,0.00
65773.000,12.38,1.91,-0.27,1.52,0.00,0.00,0.00,94.09,0.00,2541,15.4,5.99,60.88,32.60,0.53,0.00
66068.000,12.41,1.80,-0.24,1.69,0.00,0.00,0.00,88.41,0.00,10995,17.1,9.35,57.19,31.92,1.53,0.00
66364.000,12.44,1.79,-0.11,1.23,0.81,0.00,0.00,96.76,0.81,1730,13.7,4.78,56.80,35.66,2.76,0.00
66659.000,12.47,1.81,-0.10,2.79,0.00,0.00,0.00,96.96,0.00,8031,17.7,1.62,58.52,36.50,3.36,0.00
66955.000,12.50,1.52,-0.08,2.20,0.21,0.00,0.00,95.60,0.21,2800,17.2,1.54,55.72,40.92,1.83,0.00
67250.000,12.53,1.33,-0.31,2.17,0.23,0.00,0.00,97.75,0.23,1422,16.1,1.24,55.90,41.43,1.43,0.00
68100.000,12.56,1.43,-0.25,9.41,0.00,0.00,0.00,80.63,0.00,12016,15.3,0.55,51.99,44.98,2.48,0.00
68950.000,12.59,1.51,0.00,9.64,2.28,0.00,0.00,89.65,2.28,2963,14.9,1.06,58.67,38.31,1.96,0.00
69800.000,12.62,1.57,0.02,4.63,0.13,0.00,0.00,96.43,0.13,1829,16.5,0.71,55.25,40.96,3.08,0.00
70442.000,12.65,1.48,-0.25,3.09,0.26,0.00,0.00,98.43,0.26,492,17.0,0.41,55.79,40.38,3.43,0.00
71084.000,12.68,,,2.57,0.15,0.00,0.00,97.01,0.15,914,15.6,0.55,57.85,37.87,3.73,0.00
71725.000,12.71,1.36,-0.21,3.07,0.00,0.00,0.00,96.59,0.00,1091,17.1,0.50,49.75,45.41,4.34,0.00
72367.000,12.74,1.53,-0.13,2.36,0.10,0.00,0.00,98.06,0.10,1000,15.3,0.27,55.51,40.50,3.73,0.00
73008.000,12.77,1.44,-0.23,5.99,0.10,0.00,0.00,94.27,0.10,2462,15.7,0.33,55.23,41.53,2.91,0.00
73650.000,12.80,1.50,-0.06,9.35,0.08,0.00,0.00,97.65,0.08,800,14.7,0.81,54.86,41.89,2.43,0.00
74524.000,12.83,1.91,-0.30,4.78,0.00,0.00,0.00,90.19,0.00,4509,12.6,0.98,54.39,42.82,1.81,0.00
75398.000,12.86,1.27,-0.18,1.62,0.00,0.00,0.00,94.05,0.00,3314,14.3,0.67,61.68,35.63,2.02,0.00
76271.000,12.89,1.54,-0.18,1.54,0.00,0.00,0.00,98.53,0.00,602,12.7,2.71,57.76,36.12,3.41,0.00
77145.000,12.92,1.42,-0.24,1.24,0.09,0.00,0.00,97.19,0.09,1652,15.8,3.83,58.52,36.79,0.86,0.00
78019.000,12.95,,,0.55,0.39,0.00,0.00,98.18,0.39,2133,15.1,6.19,67.43,25.00,1.38,0.00
78893.000,12.98,1.38,-0.26,1.06,0.22,0.00,0.00,98.56,0.22,955,13.0,31.23,50.53,17.31,0.94,0.00
79767.000,13.01,1.02,-0.59,0.71,0.00,0.00,0.00,98.94,0.00,953,16.9,54.72,30.36,14.16,0.77,0.00
80640.000,13.04,1.41,-0.40,0.41,0.16,0.00,0.00,98.90,0.16,800,13.7,73.56,20.22,6.00,0.22,0.00
81514.000,13.07,,,0.55,0.10,0.00,0.00,97.52,0.10,776,14.2,43.27,42.79,13.58,0.36,0.00
82388.000,13.10,,,0.50,0.24,0.00,0.00,98.81,0.24,1662,16.3,47.58,40.53,11.16,0.73,0.00
83262.000,13.13,1.05,-0.55,0.27,0.00,0.00,0.00,99.31,0.00,1707,14.7,18.49,58.90,19.29,3.31,0.00
84136.000,13.16,1.19,-0.30,0.33,0.24,0.00,0.00,98.87,0.24,1280,12.4,2.89,56.77,36.04,4.30,0.00
85010.000,13.19,0.88,-0.54,0.81,2.17,0.00,0.00,91.79,2.17,4630,12.1,1.08,49.31,44.55,5.07,0.00
85883.000,13.22,1.58,-0.53,0.98,0.00,0.00,0.00,98.14,0.00,448,16.1,1.77,56.59,37.70,3.94,0.00
86757.000,13.25,1.57,-0.49,0.67,0.17,0.00,0.00,99.67,0.17,121,11.6,1.06,53.25,42.10,3.59,0.00
87631.000,13.28,2.10,-0.34,2.71,0.00,0.00,0.00,99.09,0.00,1138,11.6,1.21,55.15,39.24,4.24,0.15
88505.000,13.31,2.82,0.11,3.83,0.00,0.00,0.00,99.27,0.00,960,10.8,0.31,62.48,34.22,2.98,0.00
89379.000,13.34,2.07,-0.02,6.19,0.00,0.00,0.00,99.55,0.00,400,10.7,1.30,57.31,38.15,3.25,0.00
90253.000,13.37,,,31.23,0.00,0.00,0.00,98.63,0.00,1280,9.4,1.34,64.84,31.01,2.82,0.00
91126.000,13.40,2.12,0.04,54.72,0.00,0.00,0.00,94.56,0.00,6133,8.3,0.97,64.68,32.40,1.95,0.00
92000.000,13.43,1.96,0.02,73.56,0.33,0.00,0.00,75.91,0.33,7300,5.5,0.99,60.36,36.68,1.97,0.00
92613.000,13.46,2.69,-0.13,43.27,0.56,0.00,0.00,93.98,0.56,5400,8.2,1.67,62.77,33.39,2.17,0.00
93226.000,13.49,2.49,-0.24,47.58,0.80,0.00,0.00,93.90,0.80,288,8.7,0.73,59.89,35.35,4.03,0.00
93839.000,13.52,1.83,-0.30,18.49,0.10,0.00,0.00,92.32,0.10,7400,8.7,0.60,60.14,36.47,2.78,0.00
94452.000,13.55,1.55,-0.42,2.89,0.00,0.09,0.00,97.85,0.09,1670,12.7,0.21,61.49,34.00,4.30,0.00
95065.000,13.58,1.47,-0.55,1.08,0.00,0.00,0.00,98.80,0.00,595,18.6,0.76,61.15,34.85,3.25,0.00
95677.000,13.61,1.41,-0.72,1.77,0.00,0.00,0.00,99.61,0.00,210,13.5,0.38,60.08,37.26,2.28,0.00
96290.000,13.64,1.22,-0.38,1.06,0.00,0.00,0.00,98.72,0.00,877,16.9,0.69,59.76,36.79,2.76,0.00
96903.000,13.67,1.81,-0.65,1.21,0.00,0.00,0.00,96.82,0.00,2011,16.8,0.63,59.81,38.19,1.37,0.00
97516.000,13.70,1.27,-0.63,0.31,0.00,0.00,0.00,98.20,0.00,1113,14.1,1.26,59.61,37.49,1.64,0.00
98129.000,13.73,1.34,-0.72,1.30,0.00,0.00,0.00,98.44,0.00,1067,14.3,1.36,54.95,41.83,1.86,0.00
98742.000,13.76,1.44,-0.94,1.34,0.00,0.00,0.00,96.14,0.00,2757,16.6,0.56,48.78,47.65,3.00,0.00
99355.000,13.79,1.13,-0.93,0.97,0.00,0.00,0.00,96.28,0.00,2198,14.4,1.32,42.67,52.49,3.52,0.00
99968.000,13.82,1.44,-0.74,0.99,0.00,0.00,0.00,93.86,0.00,3271,14.5,1.17,48.25,48.02,2.56,0.00
100581.000,13.85,1.55,-0.74,1.67,0.00,0.00,0.00,96.41,0.00,1736,14.4,0.93,55.26,42.42,1.40,0.00
101194.000,13.88,1.55,-1.04,0.73,0.00,0.00,0.00,99.30,0.00,427,16.5,2.50,55.95,40.09,1.47,0.00
101806.000,13.91,1.64,-0.82,0.60,0.00,0.00,0.00,98.60,0.00,392,14.4,2.33,53.24,42.35,2.08,0.00
102419.000,13.94,1.53,-0.92,0.21,0.00,0.00,0.00,99.80,0.00,112,16.3,6.54,48.69,43.46,1.31,0.00
103032.000,13.97,1.27,-1.16,0.76,0.00,0.00,0.00,98.54,0.00,800,14.2,3.52,51.85,43.89,0.74,0.00
103645.000,14.00,1.32,-1.05,0.38,0.00,0.00,0.00,99.03,0.00,441,14.4,2.27,51.07,45.94,0.72,0.00
104258.000,14.03,1.37,-1.05,0.69,0.00,0.00,0.00,98.67,0.00,800,14.3,1.40,50.45,46.87,1.28,0.00
104871.000,14.06,1.25,-0.97,0.63,0.00,0.00,0.00,97.59,0.00,1371,14.6,1.71,47.65,48.93,1.71,0.00
105484.000,14.09,1.34,-0.88,1.26,0.00,0.00,0.00,99.62,0.00,203,14.6,0.85,55.16,40.45,3.54,0.00
106097.000,14.12,1.29,-1.17,1.36,0.00,0.00,0.00,98.57,0.00,1707,15.4,0.33,60.47,35.11,4.10,0.00
106710.000,14.15,0.94,-1.49,0.56,0.00,0.00,0.00,97.17,0.00,1280,18.7,0.87,62.46,33.04,3.63,0.00
107323.000,14.18,0.68,-0.87,1.32,0.00,0.00,0.00,96.72,0.00,1324,18.3,1.88,55.02,36.99,6.11,0.00
107935.000,14.21,1.34,-0.96,1.17,0.00,0.00,0.00,99.56,0.00,237,17.7,8.98,48.94,39.27,2.82,0.00
108548.000,14.24,1.11,-1.03,0.93,0.09,0.00,0.00,98.75,0.09,723,15.9,19.34,47.81,31.13,1.72,0.00
109161.000,14.27,1.11,-1.04,2.50,0.00,0.00,0.00,98.06,0.00,1018,17.6,5.62,57.61,35.14,1.63,0.00
109774.000,14.30,1.09,-1.43,2.33,0.00,0.00,0.00,98.60,0.00,711,17.7,2.02,60.18,34.50,3.30,0.00
110387.000,14.33,1.77,-0.60,6.54,0.00,0.00,0.00,77.17,0.00,13371,18.1,1.59,60.17,35.79,2.45,0.00
111000.000,14.36,2.05,-0.71,3.52,0.00,0.00,0.00,92.65,0.00,4693,15.4,0.65,57.83,38.64,2.87,0.00
111202.000,14.39,1.87,-0.83,2.27,0.22,0.00,0.00,91.83,0.22,9354,17.5,0.35,63.86,35.09,0.70,0.00
111405.000,14.42,1.09,-1.10,1.40,0.00,0.00,0.00,95.87,0.00,2473,17.7,1.11,59.24,37.28,2.37,0.00
111607.000,14.45,1.27,-1.10,1.71,0.00,0.00,0.00,96.75,0.00,2133,17.9,0.52,57.29,37.50,4.69,0.00
111809.000,14.48,1.25,-1.27,0.85,0.13,0.00,0.00,96.23,0.13,2715,17.2,1.07,64.61,30.29,4.04,0.00
112011.000,14.51,0.93,,0.33,0.00,0.00,0.00,98.09,0.00,1152,16.7,1.02,64.14,31.90,2.94,0.00
112214.000,14.54,0.95,-1.48,0.87,0.00,0.00,0.00,98.32,0.00,865,15.8,1.03,56.26,36.52,6.19,0.00
112416.000,14.57,1.28,-1.47,1.88,0.00,0.00,0.00,89.16,0.00,6737,18.3,1.76,53.76,39.84,4.64,0.00
112618.000,14.60,1.49,-1.27,8.98,0.00,0.00,0.00,74.46,0.00,14545,16.7,0.47,57.35,35.86,6.32,0.00
112821.000,14.63,2.14,-0.68,19.34,0.00,0.00,0.00,79.04,0.00,11771,11.2,0.48,45.08,46.52,7.91,0.00
113023.000,14.66,1.82,-0.25,5.62,0.00,0.00,0.00,89.06,0.00,6788,11.7,1.90,55.84,37.56,4.70,0.00
113225.000,14.69,1.84,-0.47,2.02,0.00,0.00,0.00,93.62,0.00,4864,12.8,1.48,48.98,41.37,8.16,0.00
113427.000,14.72,1.49,-0.65,1.59,0.00,0.00,0.00,97.51,0.00,1745,12.3,1.44,65.59,28.46,4.42,0.08
113630.000,14.75,1.48,-0.79,0.65,0.00,0.00,0.00,97.98,0.00,1249,14.0,3.19,59.42,33.13,4.26,0.00
113832.000,14.78,1.14,-0.94,0.35,0.00,0.00,0.00,97.63,0.00,1723,12.3,2.37,61.51,32.02,4.10,0.00
114034.000,14.81,1.15,-0.73,1.11,0.00,0.00,0.00,99.08,0.00,300,12.2,0.93,56.98,36.05,5.81,0.23
114237.000,14.84,1.12,-0.73,0.52,0.00,0.00,0.00,96.77,0.00,2029,14.6,1.81,54.15,38.61,5.28,0.15
114439.000,14.87,1.15,-1.00,1.07,0.00,0.00,0.00,99.76,0.00,123,16.1,1.46,51.54,41.17,5.35,0.49
114641.000,14.90,1.01,-0.72,1.02,0.00,0.00,0.00,99.34,0.00,392,17.6,3.54,55.24,35.85,4.76,0.61
114843.000,14.93,1.13,-0.84,1.03,0.00,0.00,0.00,97.31,0.00,1676,16.1,4.35,54.48,35.55,5.50,0.13
115046.000,14.96,1.34,-0.90,1.76,0.00,0.00,0.00,96.07,0.00,2600,18.3,4.65,58.76,32.06,4.41,0.12
115248.000,14.99,1.74,-0.47,0.47,0.00,0.00,0.00,97.25,0.00,1745,15.9,6.90,51.04,35.96,5.78,0.32
116042.000,15.02,0.75,-1.09,0.48,0.00,0.00,0.00,95.56,0.00,1778,19.1,25.93,38.79,30.99,4.09,0.19
116836.000,15.05,0.75,-0.79,1.90,0.00,0.00,0.00,97.55,0.00,703,18.3,42.60,35.47,20.50,1.43,0.00
117630.000,15.08,0.85,-1.00,1.48,0.00,0.00,0.00,97.51,0.00,605,18.3,46.39,39.84,12.70,1.07,0.00
118424.000,15.11,1.28,-0.87,1.44,0.08,0.00,0.00,96.95,0.08,1126,17.7,38.33,43.55,17.07,1.05,0.00
119218.000,15.14,1.72,-0.46,3.19,0.00,0.00,0.00,93.31,0.00,2076,17.7,29.15,47.85,22.30,0.70,0.00
120012.000,15.17,0.84,-0.50,2.37,0.29,0.00,0.00,96.18,0.29,2249,18.6,8.76,61.29,27.19,2.76,0.00
120806.000,15.20,0.28,-0.88,0.93,0.40,0.00,0.00,90.85,0.40,4146,18.3,22.12,53.00,24.04,0.84,0.00
121600.000,15.23,0.76,-0.64,1.81,0.00,0.00,0.00,94.17,0.00,1461,18.6,15.69,62.77,20.92,0.62,0.00
122394.000,15.26,0.88,-1.33,1.46,0.30,0.00,0.00,96.09,0.30,945,19.0,14.93,62.19,22.39,0.50,0.00
123188.000,15.29,0.50,-1.73,3.54,0.12,0.00,0.00,98.15,0.12,1067,18.4,20.50,56.64,22.27,0.59,0.00
123982.000,15.32,0.77,-1.72,4.35,0.11,0.00,0.00,94.34,0.11,2133,18.3,7.50,65.97,24.08,2.44,0.00
124776.000,15.35,0.43,-1.43,4.65,0.00,0.00,0.00,95.29,0.00,2495,17.8,4.96,61.95,30.62,2.48,0.00
125570.000,15.38,0.42,-1.63,6.90,0.14,0.00,0.00,94.63,0.14,4504,19.1,4.36,63.01,28.39,4.23,0.00
126364.000,15.41,0.43,-1.81,25.93,0.77,0.00,0.00,93.26,0.77,2200,12.8,1.34,68.61,27.62,2.43,0.00
127776.000,15.44,1.41,-1.19,42.60,0.38,0.00,0.00,88.68,0.38,5538,8.5,1.16,73.50,23.15,2.20,0.00
129188.000,15.47,1.41,-1.19,46.39,0.33,0.00,0.00,89.59,0.33,5785,8.3,1.48,73.26,23.19,2.07,0.00
130599.000,15.50,2.41,-0.95,38.33,0.76,0.00,0.00,91.77,0.76,3456,8.6,0.50,70.60,26.91,1.99,0.00
132011.000,15.53,2.73,-0.97,29.15,0.82,0.00,0.00,92.84,0.82,4308,10.6,1.90,75.70,21.38,1.02,0.00
133423.000,15.56,2.53,-0.97,8.76,0.40,0.00,0.00,90.82,0.40,2538,14.6,2.26,70.62,25.61,1.51,0.00
133856.000,15.59,3.01,-0.93,22.12,0.11,0.00,0.00,92.25,0.11,5009,11.5,1.81,66.06,31.05,1.08,0.00
134289.000,15.62,3.23,-0.87,15.69,0.00,0.00,0.00,97.65,0.00,1113,15.2,1.82,67.48,27.96,2.74,0.00
134723.000,15.65,3.03,-1.07,14.93,0.00,0.00,0.00,95.12,0.00,2708,16.6,3.04,69.76,24.16,3.04,0.00
135156.000,15.68,3.43,-0.82,20.50,0.00,0.00,0.00,89.93,0.00,5376,11.5,5.08,61.02,32.42,1.48,0.00
135589.000,15.71,3.05,-0.99,7.50,0.00,0.00,0.00,87.48,0.00,8046,15.8,2.77,67.52,28.32,1.39,0.00
136022.000,15.74,2.82,-0.76,4.96,0.00,0.00,0.00,98.06,0.00,914,13.9,3.17,65.54,31.29,0.00,0.00
136456.000,15.77,2.86,-0.97,4.36,0.00,0.00,0.00,95.26,0.00,2873,14.3,1.01,65.94,32.21,0.84,0.00
136889.000,15.80,2.54,-0.79,1.34,0.00,0.00,0.00,98.71,0.00,753,13.8,1.54,70.66,26.25,1.54,0.00
137322.000,15.83,2.62,-1.36,1.16,0.00,0.00,0.00,93.91,0.00,3918,15.4,3.16,64.56,30.70,1.58,0.00
137755.000,15.86,2.62,-0.82,1.48,0.00,0.00,0.00,96.03,0.00,2000,16.2,2.22,64.67,30.89,2.22,0.00
138189.000,15.89,2.60,-0.96,0.50,0.00,0.00,0.00,96.39,0.00,1969,14.4,1.96,63.83,33.33,0.87,0.00
138622.000,15.92,2.60,-0.97,1.90,0.00,0.00,0.00,93.98,0.00,3874,15.4,1.85,60.65,35.42,2.08,0.00
139055.000,15.95,2.59,-0.82,2.26,0.00,0.00,0.00,97.88,0.00,1280,14.1,1.61,67.51,29.26,1.61,0.00
139488.000,15.98,2.67,-0.98,1.81,0.00,0.00,0.00,96.13,0.00,2076,13.7,3.02,73.79,22.98,0.20,0.00
139922.000,16.01,2.61,-1.03,1.82,0.00,0.00,0.00,92.88,0.00,4320,15.3,2.89,69.83,26.86,0.41,0.00
140355.000,16.04,2.70,-0.76,3.04,0.00,0.00,0.00,91.92,0.00,4571,14.6,3.21,75.50,20.62,0.67,0.00
140788.000,16.07,3.21,-1.03,5.08,0.00,0.00,0.00,92.09,0.00,4141,14.7,2.83,75.22,21.30,0.65,0.00
141041.000,16.10,3.19,-0.84,2.77,1.24,0.00,0.00,75.97,1.24,9437,14.3,1.56,74.22,23.74,0.49,0.00
141293.000,16.13,2.73,-1.22,3.17,0.00,0.00,0.00,87.42,0.00,9244,13.6,2.12,70.13,27.33,0.42,0.00
141546.000,16.16,2.24,-1.08,1.01,0.15,0.00,0.00,93.41,0.15,3911,14.3,4.27,64.00,30.93,0.80,0.00
141799.000,16.19,2.42,-1.10,1.54,0.00,0.00,0.00,93.28,0.00,4267,14.7,2.22,58.89,37.11,1.78,0.00
142052.000,16.22,2.38,-1.08,3.16,0.00,0.00,0.00,94.98,0.00,3467,14.3,3.23,68.08,27.07,1.62,0.00
142304.000,16.25,2.39,-1.00,2.22,0.00,0.00,0.00,96.15,0.00,1067,14.1,3.62,72.48,23.49,0.40,0.00
142557.000,16.28,2.48,-0.83,1.96,0.17,0.00,0.00,92.50,0.17,3610,17.4,4.35,71.74,23.26,0.65,0.00
142810.000,16.31,2.33,-0.95,1.85,0.00,0.00,0.00,95.22,0.00,2844,14.7,2.98,67.90,27.83,1.28,0.00
143062.000,16.34,2.36,-0.99,1.61,0.00,0.00,0.00,89.94,0.00,5943,13.7,3.72,76.11,19.31,0.86,0.00
143315.000,16.37,2.61,-0.96,3.02,0.18,0.00,0.00,95.75,0.18,2327,15.0,8.28,75.95,15.10,0.67,0.00
143568.000,16.40,2.82,-0.81,2.89,0.00,0.00,0.00,97.71,0.00,960,14.0,12.06,70.89,16.05,1.00,0.00
143820.000,16.43,2.50,-1.14,3.21,0.12,0.00,0.00,96.27,0.12,3429,15.7,9.79,69.23,19.23,1.75,0.00
144073.000,16.46,2.79,-0.82,2.83,0.20,0.00,0.00,97.54,0.20,1371,15.6,17.40,64.79,17.67,0.14,0.00
144326.000,16.49,2.67,-0.81,1.56,0.00,0.00,0.00,95.74,0.00,1200,14.1,20.38,60.27,18.66,0.68,0.00
144579.000,16.52,3.15,-0.83,2.12,0.00,0.00,0.00,91.47,0.00,4329,12.8,15.83,60.32,23.39,0.46,0.00
144831.000,16.55,3.28,-0.69,4.27,0.00,0.00,0.00,97.04,0.00,1477,12.9,8.11,61.26,28.60,2.03,0.00
145084.000,16.58,3.01,-1.03,2.22,0.00,0.00,0.00,93.26,0.00,2057,12.4,7.58,60.48,29.74,2.20,0.00
145337.000,16.61,2.92,-1.09,3.23,0.00,0.00,0.00,86.54,0.00,5964,13.5,5.77,62.43,29.42,2.39,0.00
145589.000,16.64,3.46,-0.81,3.62,0.00,0.00,0.00,95.18,0.00,2286,13.6,6.54,59.32,31.72,2.42,0.00
145842.000,16.67,3.13,-0.95,4.35,0.20,0.00,0.00,97.26,0.20,933,13.6,19.92,55.69,23.98,0.41,0.00
146095.000,16.70,2.91,-0.77,2.98,0.00,0.00,0.00,91.83,0.00,4000,14.1,13.42,65.22,20.04,1.32,0.00
146347.000,16.73,2.88,-0.88,3.72,0.00,0.00,0.00,94.02,0.00,6400,14.6,14.63,67.03,17.90,0.44,0.00
146600.000,16.76,2.86,-0.75,8.28,0.27,0.00,0.00,84.39,0.27,9943,15.9,21.76,64.12,13.33,0.78,0.00
146853.000,16.79,3.11,-0.73,12.06,0.41,0.00,0.00,86.55,0.41,9371,11.9,8.72,49.33,38.26,3.69,0.00
147106.000,16.82,2.94,-0.93,9.79,0.00,0.00,0.00,87.68,0.00,5733,14.9,32.89,52.77,13.96,0.38,0.00
147358.000,16.85,3.26,-0.66,17.40,0.48,0.00,0.00,90.26,0.48,4686,13.5,29.30,48.28,21.93,0.49,0.00
147611.000,16.88,3.14,-0.83,20.38,0.31,0.00,0.16,95.94,0.47,2311,9.8,2.08,63.89,28.73,5.29,0.00
147864.000,16.91,2.90,-0.65,15.83,0.16,0.00,0.00,79.47,0.16,8123,16.0,5.56,67.83,23.51,3.10,0.00
148116.000,16.94,2.87,-0.72,8.11,0.45,0.00,0.00,76.27,0.45,10667,18.2,6.47,70.50,21.73,1.29,0.00
148369.000,16.97,2.37,-1.02,7.58,1.45,0.00,0.00,61.53,1.45,17219,16.9,7.47,74.34,16.49,1.71,0.00
148622.000,17.00,2.64,-0.88,5.77,0.30,0.00,0.00,86.03,0.30,6539,15.7,13.61,78.60,7.40,0.40,0.00
148874.000,17.03,2.39,-1.07,6.54,0.57,0.00,0.00,75.11,0.57,10831,16.5,6.42,69.95,20.41,3.21,0.00
149127.000,17.06,3.14,-0.52,19.92,0.16,0.00,0.00,83.06,0.16,6933,15.4,6.27,76.78,16.10,0.85,0.00
149380.000,17.09,2.53,-0.95,13.42,0.13,0.00,0.00,73.30,0.13,16640,16.0,21.86,63.08,13.86,1.19,0.00
149633.000,17.12,3.03,-0.57,14.63,0.00,0.00,0.00,89.59,0.00,3733,14.5,8.08,69.17,19.74,3.01,0.00
149885.000,17.15,2.96,-0.87,21.76,0.17,0.00,0.00,90.82,0.17,4320,14.6,7.95,67.05,21.69,3.31,0.00
150138.000,17.18,2.60,-0.92,8.72,0.82,0.00,0.00,91.78,0.82,3000,18.4,7.33,66.94,22.64,3.09,0.00
150391.000,17.21,2.84,-0.98,32.89,2.75,0.00,0.00,75.88,2.75,12267,9.8,8.92,67.42,22.35,1.31,0.00
150643.000,17.25,2.52,-1.12,29.30,0.81,0.00,0.00,81.00,0.81,21867,10.9,18.93,62.14,17.28,1.65,0.00
150896.000,17.27,1.94,-1.32,2.08,0.00,0.00,0.00,98.33,0.00,800,16.1,26.82,60.15,12.03,1.00,0.00
151149.000,17.30,1.91,-1.29,5.56,0.11,0.00,0.00,96.80,0.11,2240,16.1,13.30,62.05,22.71,1.94,0.00
151401.000,17.33,2.47,-1.08,6.47,0.12,0.00,0.00,96.88,0.12,1387,13.5,20.80,62.56,15.77,0.87,0.00
151654.000,17.36,3.71,-1.24,7.47,0.57,0.00,0.00,93.75,0.57,2933,16.2,21.81,65.64,12.16,0.39,0.00
151907.000,17.39,2.97,-0.88,13.61,0.21,0.00,0.00,83.67,0.21,8800,16.6,26.51,63.42,10.07,0.00,0.00
152160.000,17.42,2.94,-0.96,6.42,0.27,0.00,0.00,90.85,0.27,4533,14.9,29.14,57.92,12.20,0.73,0.00
152412.000,17.45,3.14,-1.07,6.27,0.54,0.00,0.00,82.97,0.54,7900,15.3,21.47,67.80,10.17,0.56,0.00
152665.000,17.48,2.39,-0.84,21.86,0.60,0.00,0.00,88.06,0.60,6857,13.7,10.48,77.22,12.07,0.23,0.00
152918.000,17.51,2.57,-1.30,8.08,0.16,0.00,0.00,90.19,0.16,6200,17.9,4.32,82.07,13.17,0.43,0.00
153170.000,17.54,2.31,-1.47,7.95,0.44,0.00,0.00,72.15,0.44,14400,16.9,7.76,81.15,11.09,0.00,0.00
153423.000,17.57,2.56,-1.50,7.33,1.64,0.00,0.00,79.11,1.64,8900,13.3,16.89,70.39,12.28,0.44,0.00
153676.000,17.60,3.01,-1.21,8.92,3.16,0.00,0.00,72.99,3.16,11667,14.3,12.50,68.65,18.85,0.00,0.00
153928.000,17.63,2.11,-1.62,18.93,4.10,0.00,0.55,73.22,4.64,7840,9.4,20.89,65.99,12.68,0.43,0.00
154181.000,17.66,2.90,-1.25,26.82,2.14,0.00,0.00,68.72,2.14,15600,9.5,21.58,69.47,8.57,0.38,0.00
154434.000,17.69,2.11,-0.87,13.30,1.87,0.00,0.08,51.26,1.95,27429,17.0,39.61,51.65,8.35,0.39,0.00
154687.000,17.72,3.59,-0.84,20.80,2.16,0.00,0.13,80.71,2.28,15200,9.4,28.38,62.59,8.19,0.83,0.00
154939.000,17.75,3.19,-0.93,21.81,2.50,0.00,0.10,59.04,2.60,28400,9.3,29.62,57.92,12.45,0.00,0.00
155192.000,17.78,3.26,-1.31,26.51,4.03,0.00,0.20,68.95,4.23,10267,9.5,18.76,64.68,16.11,0.44,0.00
155445.000,17.81,3.00,-1.15,29.14,2.62,0.00,0.26,77.49,2.88,11467,9.3,29.50,61.30,8.43,0.77,0.00
155697.000,17.84,3.02,-0.99,21.47,2.20,0.00,0.00,60.06,2.20,20320,9.8,20.91,67.68,10.27,1.14,0.00
155950.000,17.87,3.16,-0.91,10.48,1.05,0.00,0.00,81.18,1.05,3927,14.6,29.85,53.88,14.81,1.46,0.00
156203.000,17.90,3.16,-1.14,4.32,0.86,0.00,0.17,86.23,1.03,4000,15.9,19.30,58.45,21.18,1.07,0.00
156456.000,17.93,2.75,-0.33,7.76,0.55,0.00,0.00,86.89,0.55,14400,13.6,10.12,59.29,28.00,2.59,0.00
156708.000,17.96,3.18,-1.18,16.89,2.57,0.00,0.00,75.79,2.57,4267,9.9,17.83,60.84,20.63,0.70,0.00
156877.000,17.98,3.05,-1.06,12.50,3.42,0.00,0.00,72.15,3.42,733,10.4,19.52,54.88,23.02,2.58,0.00
157214.000,18.02,2.86,-1.09,20.89,8.87,0.00,0.00,70.75,8.87,7750,9.1,42.14,44.07,12.76,1.04,0.00
157466.000,18.05,3.12,-1.08,21.58,1.49,0.00,0.00,79.36,1.49,18700,8.7,61.80,26.48,11.11,0.61,0.00
157719.000,18.08,2.99,-0.87,39.61,4.64,0.00,0.00,63.07,4.64,34200,9.3,13.61,60.36,24.85,1.18,0.00
157972.000,18.11,3.12,-1.14,28.38,2.65,0.00,0.16,50.14,2.81,7683,8.3,5.74,68.87,24.00,1.39,0.00
158224.000,18.14,3.02,-1.30,29.62,1.62,0.00,0.00,82.92,1.62,7733,8.9,2.36,66.08,29.79,1.77,0.00
158477.000,18.17,3.47,-0.97,18.76,1.23,0.00,0.00,74.89,1.23,16400,9.6,6.47,65.42,25.87,2.24,0.00
158730.000,18.20,2.74,-0.95,29.50,1.88,0.00,0.00,37.49,1.88,2217,9.5,52.02,41.67,6.06,0.25,0.00
158983.000,18.23,3.45,-1.08,20.91,2.23,0.00,0.00,65.49,2.23,18600,9.9,4.26,68.76,26.57,0.41,0.00
159235.000,18.26,2.91,-1.16,29.85,2.07,0.00,0.30,83.43,2.37,7467,9.8,3.62,63.92,31.63,0.82,0.00
159488.000,18.29,2.78,-0.51,19.30,0.63,0.00,0.00,89.26,0.63,5181,16.4,1.42,66.15,31.16,1.27,0.00
159741.000,18.32,2.60,-0.75,10.12,0.31,0.00,0.00,90.64,0.31,9366,19.3,2.60,62.81,33.55,1.04,0.00
159993.000,18.35,2.96,-0.86,17.83,0.18,0.00,0.00,63.28,0.18,2943,13.6,1.55,66.19,32.15,0.11,0.00
160246.000,18.38,2.80,-0.78,19.52,0.53,0.00,0.00,83.60,0.53,8267,9.4,7.38,60.92,30.46,1.23,0.00
160499.000,18.41,2.52,-1.07,42.14,0.33,0.00,0.00,84.23,0.33,9600,9.6,6.68,67.61,25.45,0.26,0.00
160751.000,18.44,2.51,-1.14,61.80,0.14,0.00,0.00,98.88,0.14,640,8.3,8.57,57.50,31.79,2.14,0.00
161004.000,18.47,2.62,-1.31,13.61,0.00,0.00,0.00,94.50,0.00,4400,17.8,9.89,63.69,24.93,1.49,0.00
161257.000,18.50,2.39,-1.14,5.74,0.00,0.00,0.00,94.02,0.00,2667,15.6,3.69,62.41,31.45,2.46,0.00
161510.000,18.53,2.60,-1.31,2.36,0.00,0.00,0.00,99.43,0.00,320,11.7,24.68,56.49,17.81,1.02,0.00
161762.000,18.56,2.74,-1.11,6.47,0.45,0.00,0.00,95.06,0.45,1467,14.9,0.48,60.87,36.23,2.42,0.00
162015.000,18.59,2.44,-1.07,52.02,1.45,0.00,0.00,81.49,1.45,10200,8.7,0.84,60.45,31.20,7.52,0.00
162268.000,18.62,2.73,-1.17,4.26,0.00,0.00,0.00,100.00,0.00,0,12.2,2.12,63.91,30.36,3.61,0.00
162520.000,18.65,2.70,-1.10,3.62,0.30,0.00,0.00,95.14,0.30,5120,14.6,4.79,61.30,30.27,3.64,0.00
162773.000,18.68,2.37,-1.09,1.42,0.00,0.00,0.00,96.32,0.00,1120,15.2,15.97,56.58,25.07,2.38,0.00
163026.000,18.71,2.69,-1.44,2.60,0.12,0.00,0.00,98.75,0.12,889,12.1,14.59,68.81,14.34,2.26,0.00
163278.000,18.74,2.73,-1.24,1.55,0.30,0.00,0.00,91.91,0.30,656,12.1,13.23,66.04,17.10,3.62,0.00
163531.000,18.77,2.34,-1.18,7.38,0.73,0.00,0.00,88.26,0.73,1067,9.7,19.02,57.91,21.37,1.71,0.00
163784.000,18.80,2.62,-1.29,6.68,0.00,0.00,0.00,99.51,0.00,320,11.1,27.72,55.44,16.08,0.77,0.00
164037.000,18.83,2.42,-0.77,8.57,0.00,0.00,0.00,98.68,0.00,533,17.0,37.46,52.12,9.77,0.65,0.00
164289.000,18.86,2.44,-1.28,9.89,0.25,0.00,0.00,96.49,0.25,1318,12.0,21.18,59.43,19.21,0.18,0.00
164542.000,18.89,3.09,-0.92,3.69,0.00,0.00,0.00,99.13,0.00,291,18.6,3.61,70.36,25.30,0.72,0.00
164795.000,18.92,1.98,-0.97,24.68,1.11,0.00,0.00,93.33,1.11,2400,9.5,3.29,68.61,27.59,0.51,0.00
165047.000,18.95,2.31,-0.91,0.48,0.00,0.00,0.00,97.84,0.00,889,18.9,2.88,68.51,27.72,0.89,0.00
165300.000,18.98,1.89,-1.11,0.84,0.00,0.00,0.00,99.48,0.00,188,19.3,2.08,63.73,32.48,1.72,0.00
165553.000,19.01,2.35,-1.38,2.12,0.00,0.00,0.00,100.00,0.00,0,18.6,4.00,70.06,23.85,2.09,0.00
165805.000,19.04,2.31,-1.01,4.79,0.00,0.00,0.00,97.85,0.00,384,16.1,8.83,69.32,18.36,3.50,0.00
166058.000,19.07,2.41,-1.10,15.97,0.26,0.00,0.00,96.10,0.26,1714,15.8,25.23,61.45,12.51,0.81,0.00
166564.000,19.13,2.94,-1.05,14.59,1.53,0.00,0.00,94.60,1.53,6133,9.8,19.93,57.55,21.66,0.87,0.00
166816.000,19.16,2.41,-0.94,13.23,1.85,0.00,0.00,95.60,1.85,2171,9.8,20.36,68.09,10.87,0.69,0.00
167069.000,19.19,2.85,-1.09,19.02,5.96,0.00,0.00,80.46,5.96,1124,9.5,28.33,55.00,16.67,0.00,0.00
167322.000,19.22,3.01,-1.20,27.72,1.02,0.00,0.00,86.73,1.02,594,10.7,5.37,73.22,20.00,1.40,0.00
167574.000,19.25,2.29,-0.90,37.46,2.21,0.00,0.00,84.92,2.21,5800,10.4,2.22,69.92,25.76,2.10,0.00
167827.000,19.28,3.00,-1.09,21.18,1.42,0.00,0.00,93.07,1.42,4400,9.5,1.42,67.58,27.85,3.15,0.00
168080.000,19.31,2.65,-0.89,3.61,0.22,0.00,0.00,99.57,0.22,246,16.4,1.71,74.00,21.99,2.30,0.00
168332.000,19.34,3.61,-0.87,3.29,0.00,0.00,0.00,99.55,0.00,36,16.6,1.80,65.90,31.00,1.30,0.00
168585.000,19.37,3.33,-0.82,2.88,0.00,0.00,0.00,100.00,0.00,0,15.8,1.36,58.91,37.69,2.04,0.00
168838.000,19.40,2.73,-0.58,2.08,0.23,0.00,0.00,98.64,0.23,1011,16.0,1.34,65.20,31.41,2.05,0.00
169091.000,19.43,2.65,-0.56,4.00,0.17,0.00,0.00,99.34,0.17,492,14.7,1.04,56.01,38.64,4.31,0.00
169343.000,19.46,3.55,-0.38,8.83,0.33,0.00,0.00,97.38,0.33,1600,16.1,1.58,68.35,26.75,3.32,0.00
169512.000,19.48,3.06,-0.41,25.23,0.45,0.00,0.00,90.74,0.45,5200,9.8,3.61,69.50,25.13,1.76,0.00
169849.000,19.52,2.82,-0.41,19.93,1.62,0.00,0.10,85.22,1.72,9733,9.5,2.11,66.14,29.43,2.32,0.00
170101.000,19.55,2.81,-0.49,20.36,1.09,0.00,0.00,92.00,1.09,2640,13.8,2.18,66.35,28.82,2.65,0.00
170354.000,19.58,2.82,-0.51,28.33,0.29,0.00,0.00,23.19,0.29,2944,10.7,7.18,67.58,23.68,1.56,0.00
170607.000,19.61,2.67,-0.50,5.37,0.00,0.00,0.00,95.84,0.00,4073,15.2,4.79,70.11,23.47,1.63,0.00
170860.000,19.64,2.38,-0.55,2.22,0.05,0.00,0.00,95.87,0.05,1600,14.2,18.56,59.94,20.03,1.47,0.00
171112.000,19.67,2.31,-0.68,1.42,0.00,0.00,0.00,99.04,0.00,941,14.6,6.22,64.64,26.24,2.90,0.00
171365.000,19.70,2.92,-0.65,1.71,0.00,0.00,0.00,99.35,0.00,173,14.1,3.04,65.09,30.17,1.71,0.00
171618.000,19.73,2.26,-0.35,1.80,0.00,0.00,0.00,97.67,0.00,3752,14.3,1.93,66.33,27.77,3.97,0.00
171870.000,19.76,2.33,-0.54,1.36,0.00,0.00,0.00,98.44,0.00,1067,17.0,1.81,68.93,26.67,2.60,0.00
172123.000,19.79,2.46,-0.73,1.34,0.06,0.00,0.00,98.90,0.06,411,14.7,1.81,64.14,31.77,2.29,0.00
172376.000,19.82,2.08,-0.80,1.04,0.11,0.00,0.00,94.95,0.11,607,17.7,2.36,57.69,34.57,5.39,0.00
172628.000,19.85,2.08,-0.80,1.58,0.00,0.00,0.00,91.67,0.00,11378,16.1,3.23,57.62,35.01,4.13,0.00
173042.000,19.91,,,3.61,0.25,0.00,0.00,81.59,0.25,4594,16.4,3.56,58.84,35.75,1.85,0.00
173387.000,19.96,2.09,-0.57,2.11,0.08,0.00,0.00,85.30,0.08,5752,17.7,24.46,55.08,19.37,1.09,0.00
173639.000,19.97,2.04,-0.82,2.18,0.60,0.00,0.00,80.01,0.60,18715,15.9,31.35,50.42,17.40,0.83,0.00
173892.000,20.00,1.86,-0.88,7.18,0.30,0.00,0.00,70.96,0.30,4000,13.9,5.87,69.06,24.05,1.03,0.00
174145.000,20.03,2.13,-0.71,4.79,0.17,0.00,0.00,94.07,0.17,9000,15.5,3.22,70.61,24.71,1.46,0.00
174397.000,20.06,2.44,-0.77,18.56,0.49,0.00,0.00,88.97,0.49,5257,15.9,8.76,77.69,13.41,0.13,0.00
174650.000,20.09,2.20,-0.80,6.22,0.13,0.00,0.00,94.24,0.13,2327,16.1,0.67,75.61,23.39,0.33,0.00
174903.000,20.12,2.31,-1.11,3.04,0.09,0.00,0.00,97.12,0.09,1067,18.0,1.41,77.68,20.08,0.83,0.00
175155.000,20.15,1.77,-1.14,1.93,0.00,0.00,0.00,97.70,0.00,1342,15.9,1.73,65.83,31.67,0.77,0.00
175408.000,20.18,2.09,-1.50,1.81,0.00,0.00,0.00,97.22,0.00,1800,15.2,4.06,76.46,19.16,0.32,0.00
175661.000,20.21,1.67,-1.11,1.81,0.00,0.00,0.00,97.96,0.00,1371,18.4,6.09,78.08,15.59,0.24,0.00
175914.000,20.24,2.01,-1.05,2.36,0.00,0.00,0.00,98.70,0.00,229,18.0,4.76,74.88,20.20,0.16,0.00
176166.000,20.27,2.45,-1.05,3.23,0.00,0.00,0.00,99.50,0.00,480,17.3,0.46,51.61,47.78,0.15,0.00
176419.000,20.30,3.27,-1.01,3.56,0.13,0.00,0.00,99.23,0.13,6000,11.1,2.42,65.81,31.77,0.00,0.00
176672.000,20.33,2.54,-0.99,24.46,0.22,0.00,0.00,93.42,0.22,5257,9.1,4.84,66.00,27.86,1.30,0.00
176924.000,20.36,2.28,-1.04,31.35,0.11,0.00,0.00,94.97,0.11,2720,15.6,18.27,57.98,22.29,1.46,0.00
177177.000,20.39,1.92,-1.30,5.87,0.00,0.00,0.00,95.47,0.00,1231,11.4,8.81,61.34,28.32,1.53,0.00
177430.000,20.42,2.52,-1.02,3.22,0.00,0.00,0.00,97.23,0.00,6720,15.3,8.12,46.75,43.83,0.97,0.32
177682.000,20.45,2.20,-1.43,8.76,0.12,0.00,0.00,95.16,0.12,1600,15.4,4.98,73.27,21.24,0.51,0.00
177935.000,20.48,1.89,-1.41,0.67,0.10,0.00,0.00,97.92,0.10,178,15.9,2.02,78.49,19.22,0.27,0.00
178188.000,20.51,2.15,-1.25,1.41,0.00,0.00,0.00,99.53,0.00,4300,15.4,2.58,69.28,27.53,0.60,0.00
178441.000,20.54,2.65,-0.54,1.73,0.00,0.00,0.00,92.74,0.00,862,16.4,2.89,65.81,30.98,0.32,0.00
178693.000,20.57,2.81,-0.75,4.06,0.00,0.00,0.00,97.95,0.00,3446,10.6,1.40,71.97,25.83,0.80,0.00
178946.000,20.60,2.63,-0.93,6.09,0.22,0.00,0.00,93.92,0.22,400,15.2,1.21,74.20,23.07,1.52,0.00
179199.000,20.63,1.56,-1.23,4.76,0.00,0.00,0.00,99.06,0.00,107,17.6,0.91,68.97,28.97,1.15,0.00
179451.000,20.66,1.99,-1.12,0.46,0.00,0.00,0.00,90.40,0.00,0,15.3,0.77,75.28,22.52,1.43,0.00
179704.000,20.69,1.79,-0.16,2.42,0.00,0.00,0.00,100.00,0.00,1387,17.2,4.25,67.65,27.36,0.74,0.00
179957.000,20.72,2.50,-0.75,4.84,0.00,0.00,0.00,97.14,0.00,1760,14.8,2.39,68.95,27.07,1.59,0.00
180209.000,20.75,1.98,-0.37,18.27,0.11,0.00,0.00,97.52,0.11,686,16.9,1.07,70.90,27.06,0.97,0.00
180462.000,20.78,2.58,-1.64,8.81,0.00,0.00,0.00,97.99,0.00,361,,1.30,73.30,24.53,0.87,0.00
180715.000,20.81,2.52,-0.84,8.12,0.00,0.00,0.00,66.99,0.00,2240,12.5,0.57,71.49,27.05,0.89,0.00
180968.000,20.84,,,4.98,0.00,0.00,0.00,97.32,0.00,480,12.5,1.27,61.88,34.56,2.29,0.00
181220.000,20.87,2.05,-1.14,2.02,0.00,0.00,0.00,99.21,0.00,173,14.6,2.71,62.82,31.41,3.05,0.00
181473.000,20.90,2.11,-1.00,2.58,0.00,0.00,0.00,99.81,0.00,3098,14.5,1.61,66.43,29.44,2.52,0.00
181726.000,20.93,3.09,-0.66,2.89,0.00,0.00,0.00,88.96,0.00,1038,16.3,3.50,70.21,24.92,1.37,0.00
181978.000,20.96,2.88,-0.64,1.40,0.00,0.00,0.00,98.84,0.00,800,14.8,4.21,69.26,24.46,2.07,0.00
182147.000,20.98,3.06,-0.71,1.21,0.00,0.00,0.00,99.12,0.00,711,14.4,2.49,74.47,22.45,0.59,0.00
182484.000,21.02,,,0.91,0.00,0.00,0.00,99.05,0.00,2000,14.3,1.58,74.54,23.54,0.33,0.00
182736.000,21.05,2.64,-0.78,0.77,0.00,0.00,0.00,98.94,0.00,110,13.8,1.75,63.13,33.59,1.53,0.00
182989.000,21.08,1.97,-0.48,4.25,0.00,0.00,0.00,99.64,0.00,0,16.0,3.29,61.10,35.02,0.59,0.00
183242.000,21.11,1.74,-0.68,2.39,0.00,0.00,0.00,100.00,0.00,1760,15.0,2.24,58.12,37.41,2.24,0.00
183495.000,21.14,,,1.07,0.00,0.00,0.00,97.97,0.00,2438,15.8,1.19,61.96,34.08,2.77,0.00
184000.000,21.20,1.10,-0.07,1.30,0.00,0.00,0.00,97.77,0.00,320,14.6,1.10,65.06,31.98,1.87,0.00